0,52.288
0,52.368
0,52.42
0,52.472
0,52.524
0,52.568
0,52.608
0,52.648
0,52.708
0,52.76
0,52.808
0,52.864
0,52.904
0,52.956
0,53.004
0,53.056
0,53.104
0,53.156
0,53.216
0,53.268
0,53.32
0,53.364
0,53.42
0,53.46
0,53.504
0,53.552
0,53.604
0,53.648
0,53.708
0,53.76
0,53.82
0,53.872
0,53.916
0,53.964
0,54
0,54.052
0,54.108
0,54.16
0,54.216
0,54.268
0,54.312
0,54.364
0,54.416
0,54.452
0,54.508
0,54.552
0,54.604
0,54.652
0,54.704
0,54.752
0,54.82
0,54.868
0,54.912
0,54.952
0,55.004
0,55.044
0,55.104
0,55.152
0,55.204
0,55.256
0,55.304
0,55.36
0,55.404
0,55.448
0,55.504
0,55.556
0,55.612
0,55.656
0,55.712
0,55.764
0,55.808
0,55.856
0,55.908
0,55.96
0,56.004
0,56.056
0,56.108
0,56.152
0,56.2
0,56.256
0,56.304
0,56.356
0,56.408
0,56.456
0,56.504
0,56.556
0,56.604
0,56.644
0,56.7
0,56.76
0,56.8
0,56.852
0,56.912
0,56.968
0,57.016
0,57.048
0,57.108
0,57.152
0,57.204
0,57.256
0,57.304
0,57.328
0,57.408
0,57.456
0,57.504
0,57.552
0,57.6
0,57.648
0,57.704
0,57.76
0,57.788
0,57.852
0,57.908
0,57.956
0,58.008
0,58.06
0,58.112
0,58.152
0,58.212
0,58.252
0,58.312
0,58.36
0,58.412
0,58.452
0,58.516
0,58.548
0,58.608
0,58.656
0,58.708
0,58.756
0,58.8
0,58.86
0,58.912
0,58.972
0,59.016
0,59.052
0,59.108
0,59.156
0,59.208
0,59.256
0,59.308
0,59.356
0,59.404
0,59.448
0,59.512
0,59.564
0,59.62
0,59.66
0,59.704
0,59.764
0,59.808
0,59.852
0,59.912
0,59.948
0,60.016
0,60.056
0,60.12
0,60.168
0,60.208
0,60.264
0,60.308
0,60.352
0,60.404
0,60.452
0,60.508
0,60.544
0,60.608
0,60.66
0,60.704
0,60.756
0,60.804
0,60.84
0,60.904
0,60.96
0,61.004
0,61.064
0,61.104
0,61.156
0,61.216
0,61.272
0,61.304
0,61.356
0,61.408
0,61.452
0,61.504
0,61.544
0,61.604
0,61.652
0,61.712
0,61.756
0,61.804
0,61.856
0,61.9
0,61.956
0,62.008
0,62.064
0,62.108
0,62.152
0,62.204
0,62.248
0,62.304
0,62.352
0,62.412
0,62.468
0,62.492
0,62.556
0,62.604
0,62.656
0,62.716
0,62.764
0,62.82
0,62.856
0,62.904
0,62.948
0,63.004
0,63.06
0,63.12
0,63.16
0,63.204
0,63.252
0,63.304
0,63.352
0,63.404
0,63.46
0,63.5
0,63.56
0,63.608
0,63.664
0,63.704
0,63.756
0,63.808
0,63.856
0,63.908
0,63.948
0,64.012
0,64.06
0,64.104
0,64.156
0,64.208
0,64.252
0,64.304
0,64.348
0,64.412
0,64.46
0,64.512
0,64.568
0,64.608
0,64.66
0,64.704
0,64.756
0,64.804
0,64.86
0,64.912
0,64.956
0,65.008
0,65.052
0,65.104
0,65.156
0,65.204
0,65.256
0,65.304
0,65.352
0,65.4
0,65.448
0,65.508
0,65.544
0,65.604
0,65.652
0,65.704
0,65.76
0,65.812
0,65.852
0,65.916
0,65.964
0,66.024
0,66.068
0,66.108
0,66.156
0,66.208
0,66.256
0,66.312
0,66.372
0,66.428
0,66.472
0,66.512
0,66.552
0,66.612
0,66.66
0,66.704
0,66.748
0,66.812
0,66.848
0,66.908
0,66.952
0,67.004
0,67.052
0,67.104
0,67.152
0,67.216
0,67.248
0,67.304
0,67.356
0,67.404
0,67.452
0,67.512
0,67.568
0,67.604
0,67.652
0,67.708
0,67.756
0,67.804
0,67.856
0,67.908
0,67.952
0,68.004
0,68.052
0,68.108
0,68.16
0,68.208
0,68.256
0,68.316
0,68.372
0,68.416
0,68.456
0,68.492
0,68.56
0,68.608
0,68.656
0,68.708
0,68.756
0,68.808
0,68.86
0,68.904
0,68.964
0,69.008
0,69.056
0,69.104
0,69.148
0,69.208
0,69.252
0,69.312
0,69.356
0,69.404
0,69.46
0,69.504
0,69.556
0,69.616
0,69.664
0,69.724
0,69.756
0,69.804
0,69.852
0,69.908
0,69.952
0,70.02
0,70.064
0,70.112
0,70.156
0,70.2
0,70.248
0,70.316
0,70.36
0,70.408
0,70.46
0,70.516
0,70.552
0,70.608
0,70.664
0,70.708
0,70.764
0,70.804
0,70.848
0,70.9
0,70.956
0,71.008
0,71.056
0,71.112
0,71.164
0,71.208
0,71.256
0,71.312
0,71.356
0,71.412
0,71.456
0,71.504
0,71.564
0,71.612
0,71.656
0,71.712
0,71.752
0,71.804
0,71.852
0,71.908
0,71.948
0,72.008
0,72.052
0,72.104
0,72.148
0,72.204
0,72.228
0,72.3
0,72.352
0,72.404
0,72.452
0,72.5
0,72.552
0,72.604
0,72.636
0,72.708
0,72.752
0,72.8
0,72.852
0,72.908
0,72.956
0,73.012
0,73.072
0,73.116
0,73.164
0,73.208
0,73.26
0,73.3
0,73.356
0,73.412
0,73.456
0,73.508
0,73.556
0,73.612
0,73.664
0,73.712
0,73.76
0,73.804
0,73.864
0,73.912
0,73.956
0,73.996
0,74.052
0,74.108
0,74.16
0,74.204
0,74.256
0,74.312
0,74.364
0,74.404
0,74.456
0,74.508
0,74.556
0,74.612
0,74.656
0,74.728
0,74.768
0,74.808
0,74.856
0,74.908
0,74.956
0,75.004
0,75.04
0,75.1
0,75.16
0,75.208
0,75.256
0,75.308
0,75.356
0,75.404
0,75.452
0,75.504
0,75.564
0,75.6
0,75.652
0,75.708
0,75.764
0,75.808
0,75.852
0,75.912
0,75.952
0,76.004
0,76.064
0,76.104
0,76.156
0,76.2
0,76.244
0,76.308
0,76.36
0,76.408
0,76.456
0,76.504
0,76.556
0,76.608
0,76.656
0,76.704
0,76.756
0,76.808
0,76.852
0,76.904
0,76.972
0,77.016
0,77.056
0,77.108
0,77.156
0,77.208
0,77.268
0,77.3
0,77.348
0,77.408
0,77.452
0,77.508
0,77.56
0,77.6
0,77.652
0,77.7
0,77.756
0,77.796
0,77.86
0,77.912
0,77.956
0,78.012
0,78.068
0,78.124
0,78.176
0,78.208
0,78.256
0,78.3
0,78.352
0,78.408
0,78.46
0,78.5
0,78.556
0,78.6
0,78.648
0,78.7
0,78.756
0,78.8
0,78.864
0,78.908
0,78.964
0,79.008
0,79.06
0,79.116
0,79.172
0,79.2
0,79.256
0,79.308
0,79.356
0,79.404
0,79.464
0,79.512
0,79.568
0,79.604
0,79.656
0,79.704
0,79.76
0,79.804
0,79.852
0,79.908
0,79.956
0,80.012
0,80.048
0,80.104
0,80.152
0,80.216
0,80.236
0,80.312
0,80.356
0,80.396
0,80.456
0,80.5
0,80.552
0,80.596
0,80.664
0,80.708
0,80.76
0,80.808
0,80.856
0,80.896
0,80.952
0,81.008
0,81.052
0,81.1
0,81.156
0,81.212
0,81.268
0,81.316
0,81.36
0,81.4
0,81.456
0,81.508
0,81.552
0,81.616
0,81.66
0,81.708
0,81.752
0,81.8
0,81.864
0,81.912
0,81.964
0,82.012
0,82.056
0,82.092
0,82.156
0,82.208
0,82.252
0,82.3
0,82.34
0,82.408
0,82.456
0,82.508
0,82.564
0,82.604
0,82.66
0,82.708
0,82.764
0,82.808
0,82.856
0,82.896
0,82.948
0,83.004
0,83.048
0,83.108
0,83.148
0,83.208
0,83.248
0,83.304
0,83.348
0,83.408
0,83.456
0,83.5
0,83.552
0,83.596
0,83.648
0,83.7
0,83.764
0,83.82
0,83.844
0,83.908
0,83.952
0,84
0,84.048
0,84.104
0,84.168
0,84.208
0,84.256
0,84.3
0,84.348
0,84.404
0,84.452
0,84.5
0,84.532
0,84.608
0,84.66
0,84.696
0,84.756
0,84.804
0,84.856
0,84.912
0,84.952
0,85.008
0,85.052
0,85.116
0,85.16
0,85.216
0,85.256
0,85.296
0,85.364
0,85.42
0,85.46
0,85.508
0,85.552
0,85.612
0,85.648
0,85.7
0,85.728
0,85.812
0,85.852
0,85.904
0,85.952
0,86.008
0,86.052
0,86.104
0,86.164
0,86.208
0,86.264
0,86.308
0,86.348
0,86.408
0,86.456
0,86.508
0,86.552
0,86.604
0,86.644
0,86.708
0,86.752
0,86.808
0,86.86
0,86.916
0,86.94
0,87.008
0,87.064
0,87.108
0,87.148
0,87.208
0,87.248
0,87.308
0,87.348
0,87.412
0,87.46
0,87.508
0,87.548
0,87.6
0,87.664
0,87.696
0,87.752
0,87.808
0,87.856
0,87.9
0,87.956
0,88.012
0,88.044
0,88.104
0,88.152
0,88.212
0,88.26
0,88.316
0,88.356
0,88.412
0,88.46
0,88.512
0,88.556
0,88.62
0,88.632
0,88.7
0,88.76
0,88.8
0,88.84
0,88.904
0,88.944
0,89.008
0,89.056
0,89.112
0,89.152
0,89.204
0,89.256
0,89.316
0,89.368
0,89.42
0,89.452
0,89.508
0,89.552
0,89.6
0,89.652
0,89.704
0,89.748
0,89.796
0,89.844
1,89.912
1,89.952
1,90.004
1,90.052
2,90.096
2,90.156
2,90.208
2,90.256
2,90.316
2,90.352
2,90.412
2,90.456
2,90.524
2,90.58
2,90.588
2,90.652
2,90.708
2,90.748
2,90.812
2,90.856
2,90.908
2,90.96
2,91.008
2,91.06
2,91.108
2,91.164
2,91.2
2,91.264
2,91.312
2,91.352
2,91.408
2,91.452
2,91.5
2,91.556
2,91.596
2,91.656
2,91.712
2,91.76
2,91.8
2,91.848
2,91.92
2,91.952
2,92.016
2,92.048
2,92.104
2,92.152
2,92.204
2,92.256
2,92.304
2,92.348
2,92.416
2,92.46
2,92.512
2,92.552
2,92.612
2,92.66
2,92.7
2,92.756
2,92.812
2,92.856
2,92.888
2,92.952
2,93
2,93.052
2,93.108
2,93.156
2,93.204
2,93.268
2,93.296
2,93.356
2,93.4
2,93.456
2,93.508
2,93.552
2,93.608
2,93.66
2,93.704
2,93.752
2,93.804
2,93.852
2,93.9
2,93.956
2,94
2,94.052
2,94.108
2,94.148
2,94.212
2,94.26
2,94.308
2,94.348
2,94.408
2,94.452
2,94.508
2,94.552
2,94.612
2,94.652
2,94.708
2,94.748
2,94.808
2,94.856
2,94.9
2,94.952
2,95.008
2,95.052
2,95.136
2,95.14
2,95.208
2,95.252
2,95.312
2,95.424
2,95.484
2,95.58
2,95.672
2,95.716
2,95.792
2,95.868
2,95.932
2,96.012
2,96.124
2,96.224
2,96.308
1,96.404
1,96.5
1,96.596
2,96.692
2,96.796
2,96.884
2,96.98
2,97.072
2,97.148
2,97.252
2,97.328
2,97.428
2,97.516
2,97.584
2,97.652
2,97.724
2,97.788
2,97.88
2,97.964
2,98.028
2,98.104
2,98.22
2,98.272
2,98.36
2,98.444
2,98.516
2,98.616
2,98.704
2,98.776
2,98.848
2,98.9
2,98.972
2,99.044
2,99.112
2,99.124
2,99.2
2,99.264
2,99.348
2,99.432
2,99.52
2,99.588
2,99.676
2,99.696
2,99.748
2,99.784
2,99.844
2,99.884
2,99.94
2,100.008
2,100.076
2,100.148
2,100.212
2,100.3
2,100.368
2,100.432
2,100.496
2,100.572
2,100.668
2,100.736
2,100.792
2,100.872
2,100.948
2,101.004
2,101.1
2,101.188
2,101.252
2,101.328
2,101.408
2,101.48
2,101.56
2,101.64
2,101.724
2,101.756
2,101.836
2,101.912
2,101.988
2,102.08
2,102.168
2,102.26
2,102.336
2,102.42
2,102.488
2,102.572
2,102.656
2,102.732
2,102.824
2,102.92
2,103
2,103.084
2,103.152
2,103.216
2,103.28
2,103.36
2,103.44
2,103.48
2,103.544
2,103.58
2,103.648
2,103.68
2,103.752
2,103.84
2,103.928
2,103.988
2,104.016
2,104.1
2,104.188
2,104.272
2,104.344
2,104.396
2,104.528
2,104.62
2,104.704
2,104.792
2,104.888
2,104.976
2,105.08
2,105.152
2,105.216
2,105.296
2,105.376
2,105.46
2,105.54
2,105.608
2,105.704
2,105.788
2,105.86
2,105.944
2,105.996
3,106.044
3,106.128
3,106.184
3,106.272
3,106.368
3,106.472
3,106.512
3,106.568
3,106.62
3,106.704
3,106.792
3,106.844
3,106.94
3,107.008
3,107.08
3,107.172
3,107.192
3,107.264
3,107.364
3,107.444
3,107.548
3,107.616
3,107.716
3,107.8
3,107.892
3,107.988
3,108.084
3,108.184
3,108.252
3,108.288
3,108.38
3,108.484
3,108.568
3,108.672
3,108.752
3,108.828
3,108.904
3,108.992
3,109.056
3,109.1
3,109.156
3,109.248
3,109.344
3,109.424
3,109.508
3,109.508
3,109.568
3,109.612
3,109.708
3,109.796
3,109.872
3,109.972
3,110.04
3,110.112
3,110.188
3,110.28
3,110.352
3,110.448
3,110.516
3,110.596
3,110.68
3,110.748
3,110.812
3,110.892
3,110.984
3,111.1
3,111.184
3,111.288
3,111.352
3,111.428
3,111.516
3,111.592
3,111.688
3,111.764
3,111.82
3,111.904
3,111.984
3,112.068
3,112.152
3,112.248
3,112.348
3,112.42
3,112.516
3,112.612
3,112.684
3,112.78
3,112.864
3,112.952
3,113.024
3,113.116
3,113.192
3,113.268
3,113.38
3,113.448
3,113.54
3,113.644
3,113.736
3,113.836
3,113.912
3,113.968
3,114.048
3,114.124
3,114.192
3,114.264
3,114.352
3,114.44
3,114.54
3,114.62
3,114.68
3,114.784
3,114.888
3,114.96
3,115.056
3,115.124
3,115.168
3,115.232
3,115.316
3,115.4
3,115.484
3,115.564
3,115.668
3,115.744
3,115.832
3,115.92
3,116.004
3,116.08
3,116.164
3,116.244
3,116.332
3,116.412
3,116.496
3,116.572
3,116.652
3,116.724
3,116.808
3,116.892
3,116.984
3,117.064
3,117.136
3,117.212
3,117.3
3,117.392
3,117.476
3,117.556
3,117.64
3,117.736
3,117.828
3,117.908
3,117.988
3,118.096
3,118.184
3,118.292
3,118.364
3,118.432
3,118.532
3,118.648
3,118.752
3,118.856
3,118.94
3,119.032
3,119.12
3,119.192
3,119.256
4,119.336
4,119.444
4,119.544
4,119.592
4,119.644
4,119.704
4,119.812
4,119.896
4,119.98
4,120.04
4,120.116
4,120.2
4,120.28
4,120.372
4,120.436
4,120.52
4,120.616
4,120.704
4,120.764
4,120.796
4,120.864
4,120.892
4,120.968
4,121.076
4,121.172
4,121.232
4,121.32
4,121.404
4,121.496
4,121.588
4,121.676
4,121.776
4,121.872
4,121.948
4,122.024
4,122.124
4,122.208
4,122.292
4,122.376
4,122.496
4,122.596
4,122.692
4,122.74
4,122.792
4,122.896
4,123.004
4,123.112
4,123.196
4,123.288
4,123.356
4,123.42
4,123.504
4,123.588
4,123.676
4,123.764
4,123.78
4,123.828
4,123.868
4,123.952
4,124.032
4,124.112
4,124.192
4,124.28
4,124.364
4,124.436
4,124.5
4,124.596
4,124.696
4,124.768
4,124.84
4,124.932
4,125.016
4,125.048
4,125.164
4,125.188
4,125.276
4,125.368
4,125.444
4,125.528
4,125.6
4,125.668
4,125.752
4,125.84
4,125.92
4,126.016
4,126.108
4,126.22
4,126.308
4,126.388
4,126.464
4,126.56
4,126.66
4,126.692
4,126.776
4,126.824
4,126.896
4,126.972
4,127.068
4,127.168
4,127.24
4,127.324
4,127.424
5,127.528
5,127.608
5,127.684
5,127.768
5,127.872
5,127.96
5,128.02
5,128.092
5,128.196
5,128.28
5,128.368
5,128.452
5,128.532
5,128.62
5,128.696
5,128.788
5,128.812
5,128.896
5,128.956
5,129.036
5,129.124
5,129.22
5,129.316
5,129.388
5,129.476
5,129.552
5,129.672
5,129.796
5,129.892
5,129.944
5,130.036
5,130.116
5,130.232
5,130.32
5,130.412
6,130.5
6,130.6
6,130.696
6,130.8
6,130.9
6,130.98
6,131.06
6,131.136
6,131.228
6,131.308
6,131.412
6,131.476
6,131.56
6,131.648
6,131.732
6,131.828
6,131.916
6,131.948
6,132.016
6,132.028
6,132.06
6,132.136
6,132.24
6,132.348
6,132.42
6,132.496
6,132.6
6,132.692
6,132.768
6,132.848
6,132.952
6,133.036
6,133.12
6,133.192
6,133.268
6,133.344
6,133.432
6,133.548
6,133.652
6,133.768
6,133.86
6,133.936
6,134.02
6,134.092
6,134.18
6,134.272
6,134.356
6,134.448
12,134.516
12,134.564
12,134.64
12,134.684
12,134.784
12,134.82
12,134.888
12,134.984
12,135.076
12,135.18
12,135.304
12,135.368
12,135.456
12,135.576
12,135.672
12,135.764
12,135.844
12,135.936
12,136.024
12,136.136
12,136.236
12,136.316
12,136.396
12,136.472
12,136.556
12,136.6
12,136.676
12,136.78
12,136.86
12,136.952
12,137.048
12,137.116
12,137.22
12,137.308
12,137.432
12,137.532
12,137.616
12,137.7
12,137.788
12,137.804
12,137.916
12,138.004
12,138.076
12,138.092
12,138.192
12,138.224
12,138.336
12,138.436
12,138.548
12,138.644
12,138.76
12,138.848
12,138.944
12,138.972
12,139.06
12,139.096
12,139.176
12,139.26
12,139.332
12,139.436
12,139.52
12,139.616
12,139.716
12,139.804
12,139.936
12,140.048
12,140.148
12,140.244
12,140.348
12,140.444
12,140.532
12,140.616
12,140.724
12,140.816
12,140.916
12,141.008
12,141.1
12,141.196
12,141.28
12,141.372
12,141.472
12,141.572
12,141.632
12,141.684
12,141.744
12,141.832
12,141.912
12,141.972
12,142.056
12,142.14
12,142.228
12,142.316
12,142.408
12,142.484
12,142.576
12,142.652
12,142.74
12,142.824
12,142.944
12,143.028
12,143.108
12,143.2
12,143.296
12,143.336
12,143.448
12,143.564
12,143.612
12,143.684
12,143.776
12,143.872
12,143.964
12,144.064
12,144.152
12,144.264
12,144.36
12,144.472
12,144.568
12,144.66
12,144.752
12,144.836
12,144.94
12,145.044
12,145.136
12,145.232
12,145.332
12,145.416
12,145.508
12,145.608
12,145.704
12,145.796
12,145.892
12,145.988
12,146.08
12,146.172
12,146.244
12,146.28
12,146.364
12,146.416
12,146.504
12,146.568
12,146.668
12,146.788
12,146.908
12,147.016
12,147.084
12,147.176
12,147.248
12,147.34
12,147.412
12,147.504
12,147.596
12,147.668
12,147.764
12,147.856
12,147.936
12,148.036
12,148.108
12,148.184
12,148.268
12,148.364
12,148.464
12,148.56
12,148.588
12,148.672
12,148.76
12,148.836
12,148.92
12,149.004
12,149.08
12,149.156
12,149.244
12,149.28
12,149.34
12,149.388
12,149.46
12,149.548
13,149.648
13,149.768
13,149.888
13,149.976
13,150.04
13,150.156
13,150.288
13,150.38
13,150.48
13,150.572
13,150.692
13,150.788
13,150.888
13,150.976
13,151.072
13,151.148
13,151.272
13,151.376
13,151.436
13,151.532
13,151.608
13,151.7
13,151.784
13,151.884
13,151.972
13,152.072
13,152.18
13,152.208
13,152.3
13,152.388
13,152.476
13,152.588
13,152.696
13,152.76
13,152.844
13,152.936
13,153.028
13,153.124
13,153.232
13,153.34
13,153.408
13,153.516
13,153.632
13,153.72
13,153.8
13,153.888
13,153.98
13,154.084
13,154.16
13,154.256
13,154.344
13,154.428
13,154.528
13,154.628
13,154.672
13,154.74
13,154.808
13,154.92
13,154.984
13,155.076
13,155.192
13,155.28
13,155.38
13,155.46
13,155.552
13,155.64
13,155.764
13,155.88
13,155.968
13,156.06
13,156.14
13,156.232
13,156.312
13,156.412
13,156.508
13,156.58
13,156.664
13,156.752
13,156.868
13,156.964
13,157.052
13,157.124
13,157.224
13,157.316
13,157.38
13,157.424
13,157.5
13,157.544
13,157.668
13,157.772
13,157.872
13,157.964
13,158
13,158.088
13,158.128
13,158.24
13,158.344
13,158.448
13,158.516
13,158.616
13,158.656
13,158.732
13,158.84
13,158.936
14,159.052
14,159.16
14,159.224
14,159.312
14,159.416
14,159.524
14,159.58
14,159.676
14,159.776
14,159.86
14,159.94
14,160.056
14,160.164
15,160.26
15,160.36
15,160.44
15,160.52
15,160.644
15,160.764
15,160.848
15,160.932
15,161.028
15,161.128
15,161.18
15,161.28
15,161.38
15,161.484
15,161.592
15,161.664
15,161.768
15,161.88
15,161.988
15,162.06
15,162.148
15,162.248
15,162.348
15,162.452
15,162.552
15,162.628
15,162.72
15,162.804
15,162.896
15,162.984
15,163.072
15,163.16
15,163.252
15,163.296
15,163.384
15,163.464
15,163.576
15,163.676
15,163.764
15,163.86
15,163.96
15,164.064
15,164.136
15,164.22
15,164.328
15,164.38
15,164.428
15,164.54
15,164.636
15,164.724
15,164.792
15,164.876
15,164.96
15,165.048
15,165.128
15,165.236
15,165.34
15,165.46
15,165.556
15,165.648
15,165.744
15,165.828
15,165.924
15,166.024
15,166.112
15,166.212
15,166.316
15,166.372
15,166.464
15,166.536
15,166.604
15,166.704
15,166.792
15,166.828
15,166.904
15,166.98
15,167.036
15,167.16
15,167.26
15,167.376
15,167.468
15,167.56
15,167.644
15,167.732
15,167.828
15,167.904
15,168.004
15,168.096
15,168.208
15,168.252
15,168.336
15,168.444
15,168.52
15,168.624
15,168.692
15,168.788
15,168.88
15,168.972
15,169.068
15,169.16
15,169.224
15,169.312
15,169.388
15,169.488
15,169.612
15,169.716
15,169.836
15,169.928
15,170.02
15,170.12
15,170.212
15,170.248
15,170.328
15,170.4
15,170.492
15,170.596
15,170.624
15,170.712
15,170.796
15,170.896
15,170.912
15,170.996
15,171.032
15,171.088
15,171.188
15,171.252
15,171.332
15,171.44
15,171.524
15,171.576
15,171.668
15,171.764
15,171.872
15,171.976
15,172.076
15,172.188
15,172.28
15,172.364
15,172.46
15,172.56
15,172.664
15,172.756
15,172.836
15,172.932
15,173.028
15,173.116
15,173.208
15,173.304
15,173.412
15,173.504
15,173.588
15,173.664
15,173.688
15,173.776
15,173.808
15,173.912
15,174.016
15,174.096
15,174.184
15,174.276
15,174.388
15,174.476
15,174.556
15,174.632
15,174.728
15,174.84
15,174.912
15,175.02
15,175.128
15,175.236
15,175.296
15,175.336
15,175.42
15,175.508
15,175.6
15,175.688
15,175.792
15,175.904
15,176.008
15,176.116
15,176.208
15,176.332
15,176.38
15,176.456
15,176.556
15,176.644
15,176.744
15,176.852
15,176.968
15,177.08
15,177.176
15,177.276
15,177.376
15,177.504
15,177.596
15,177.668
15,177.696
15,177.776
15,177.812
15,177.9
15,178.024
15,178.116
15,178.144
15,178.208
15,178.28
15,178.372
15,178.456
15,178.524
15,178.632
15,178.744
15,178.852
15,178.944
15,179.028
15,179.116
15,179.212
15,179.32
15,179.416
15,179.476
15,179.556
15,179.64
15,179.716
15,179.808
15,179.896
15,180.016
15,180.116
15,180.204
15,180.26
15,180.352
15,180.436
15,180.512
15,180.588
15,180.692
15,180.796
15,180.892
15,181.008
15,181.12
15,181.208
15,181.3
15,181.396
15,181.5
15,181.588
15,181.68
15,181.76
15,181.848
15,181.928
15,182.028
15,182.124
15,182.164
15,182.256
15,182.36
15,182.46
15,182.56
15,182.644
15,182.744
15,182.84
15,182.952
15,183.084
15,183.184
15,183.292
15,183.376
15,183.472
15,183.58
15,183.668
15,183.756
15,183.848
15,183.928
15,184.02
15,184.1
15,184.2
15,184.304
15,184.372
15,184.492
15,184.516
15,184.584
15,184.628
15,184.716
15,184.796
15,184.888
15,184.96
15,185.064
15,185.16
15,185.22
15,185.292
15,185.396
15,185.5
15,185.592
15,185.712
15,185.792
15,185.86
15,185.944
15,186.04
15,186.14
15,186.192
15,186.292
15,186.404
15,186.504
15,186.636
15,186.736
15,186.816
15,186.912
15,187.02
15,187.088
15,187.168
15,187.264
15,187.368
15,187.464
15,187.552
15,187.636
15,187.716
15,187.796
15,187.888
15,187.956
15,188.044
15,188.132
15,188.236
15,188.328
15,188.412
15,188.424
15,188.504
15,188.564
15,188.692
15,188.78
15,188.832
15,188.944
15,189.04
15,189.124
15,189.228
15,189.328
15,189.428
15,189.544
15,189.64
15,189.728
15,189.816
15,189.86
15,189.952
15,190.036
15,190.124
15,190.196
15,190.308
15,190.416
15,190.528
15,190.628
15,190.72
15,190.812
15,190.812
15,190.908
15,191
15,191.116
15,191.232
15,191.352
15,191.44
15,191.528
15,191.628
15,191.708
15,191.82
15,191.908
15,192
15,192.104
15,192.196
15,192.276
15,192.368
15,192.472
15,192.564
15,192.676
15,192.796
15,192.916
15,193.028
15,193.132
15,193.236
15,193.344
15,193.44
15,193.54
15,193.616
15,193.74
15,193.82
15,193.928
15,194.044
15,194.14
15,194.228
15,194.344
15,194.424
15,194.528
15,194.648
15,194.72
15,194.82
15,194.88
15,194.92
15,195.028
15,195.116
15,195.216
15,195.264
15,195.364
15,195.476
15,195.576
15,195.632
15,195.716
15,195.8
15,195.88
15,195.976
15,196.072
15,196.168
15,196.272
15,196.376
15,196.48
15,196.584
15,196.636
15,196.72
15,196.78
15,196.868
15,196.968
15,197.072
15,197.168
15,197.256
15,197.372
15,197.468
15,197.604
15,197.72
15,197.8
15,197.884
15,197.988
15,198.124
15,198.232
15,198.332
15,198.436
15,198.52
15,198.624
15,198.68
15,198.756
15,198.86
15,198.968
15,199.072
15,199.144
15,199.224
15,199.32
15,199.424
15,199.524
15,199.628
15,199.68
15,199.748
15,199.776
15,199.88
15,199.992
15,200.1
15,200.188
15,200.276
15,200.392
15,200.496
15,200.572
15,200.672
15,200.776
15,200.876
15,200.992
15,201.1
15,201.124
15,201.208
15,201.248
15,201.34
15,201.432
15,201.516
15,201.608
15,201.624
15,201.704
15,201.728
15,201.824
15,201.932
15,202.008
15,202.104
15,202.2
15,202.296
15,202.368
15,202.404
15,202.5
15,202.588
15,202.672
15,202.764
15,202.868
15,202.96
15,203.068
15,203.168
15,203.26
15,203.356
15,203.476
15,203.572
15,203.68
15,203.792
15,203.896
15,204.016
15,204.12
15,204.212
15,204.32
15,204.416
15,204.528
15,204.608
15,204.724
15,204.804
15,204.824
15,204.932
15,205.044
15,205.156
15,205.18
15,205.292
15,205.4
15,205.496
15,205.608
15,205.704
15,205.764
15,205.84
15,205.936
15,206.028
15,206.092
15,206.168
15,206.248
15,206.356
15,206.464
15,206.584
15,206.688
15,206.796
15,206.892
15,206.984
15,207.012
15,207.072
15,207.168
15,207.244
15,207.328
15,207.436
15,207.548
15,207.624
15,207.716
15,207.84
15,207.94
15,208.04
15,208.136
15,208.232
15,208.34
15,208.448
15,208.532
15,208.644
15,208.728
15,208.82
15,208.924
15,209.008
15,209.104
15,209.212
15,209.308
15,209.392
15,209.464
15,209.552
15,209.64
15,209.72
15,209.844
15,209.932
15,210.02
15,210.14
15,210.24
15,210.34
15,210.444
15,210.54
15,210.624
15,210.708
15,210.824
15,210.876
15,210.924
15,210.972
15,211.072
15,211.188
15,211.216
15,211.312
15,211.404
15,211.464
15,211.544
15,211.624
15,211.72
15,211.832
15,211.932
15,212.032
15,212.132
15,212.224
15,212.328
15,212.412
15,212.476
15,212.564
15,212.596
15,212.696
15,212.804
15,212.908
15,213.016
15,213.12
15,213.216
15,213.324
15,213.408
15,213.508
15,213.596
15,213.696
15,213.776
15,213.86
15,213.964
15,214.06
15,214.164
15,214.256
15,214.368
15,214.476
15,214.576
15,214.672
15,214.76
15,214.844
15,214.952
15,215.056
15,215.168
15,215.256
15,215.368
15,215.5
15,215.616
15,215.732
15,215.86
15,215.976
15,216.052
15,216.148
15,216.26
15,216.336
15,216.352
15,216.44
15,216.556
15,216.66
15,216.764
15,216.852
15,216.944
15,217.024
15,217.132
15,217.208
15,217.312
15,217.404
15,217.484
15,217.6
15,217.676
15,217.804
15,217.876
15,217.972
15,218.068
15,218.176
15,218.284
15,218.384
15,218.484
15,218.592
15,218.688
15,218.8
15,218.908
15,219.004
15,219.1
15,219.208
15,219.308
15,219.36
15,219.4
15,219.48
15,219.6
15,219.652
15,219.704
15,219.784
15,219.852
15,219.896
15,219.976
15,220.096
15,220.192
15,220.296
15,220.384
15,220.492
15,220.608
15,220.716
15,220.82
15,220.896
15,220.972
15,221.04
15,221.136
15,221.224
15,221.312
15,221.412
15,221.504
15,221.54
15,221.632
15,221.74
15,221.832
15,221.9
15,221.996
15,222.076
15,222.184
15,222.296
15,222.388
15,222.496
15,222.62
15,222.748
15,222.828
15,222.924
15,223.008
15,223.104
15,223.204
15,223.292
15,223.384
15,223.408
15,223.492
15,223.536
15,223.56
15,223.632
15,223.744
15,223.836
15,223.94
15,224.028
15,224.104
15,224.192
15,224.284
15,224.4
15,224.508
15,224.588
15,224.648
15,224.756
15,224.832
15,224.916
15,224.988
15,225.068
15,225.148
15,225.244
15,225.34
15,225.42
15,225.492
15,225.512
15,225.608
15,225.704
15,225.736
15,225.804
15,225.908
15,226.02
15,226.044
15,226.156
15,226.236
15,226.324
15,226.4
15,226.5
15,226.608
15,226.68
15,226.796
15,226.892
15,226.928
15,227.012
15,227.12
15,227.232
15,227.344
15,227.432
15,227.472
15,227.552
15,227.624
15,227.72
15,227.812
15,227.912
15,228.016
15,228.112
15,228.192
15,228.284
15,228.34
15,228.364
15,228.432
15,228.468
15,228.568
15,228.648
15,228.772
15,228.88
15,228.96
15,229.048
15,229.132
15,229.228
15,229.34
15,229.42
15,229.512
15,229.612
15,229.724
15,229.82
15,229.92
15,230.02
15,230.108
15,230.212
15,230.324
15,230.404
15,230.492
15,230.576
15,230.672
15,230.772
15,230.86
15,230.96
15,231.088
15,231.188
15,231.296
15,231.408
15,231.512
15,231.612
15,231.7
15,231.796
15,231.888
15,231.992
15,232.08
15,232.168
15,232.268
15,232.348
15,232.432
15,232.524
15,232.62
15,232.708
15,232.784
15,232.788
15,232.892
15,232.98
15,233.088
15,233.2
15,233.3
15,233.376
15,233.48
15,233.568
15,233.668
15,233.712
15,233.812
15,233.936
15,234.064
15,234.176
15,234.276
15,234.348
15,234.444
15,234.548
15,234.656
15,234.776
15,234.872
15,234.92
15,235.004
15,235.04
15,235.14
15,235.26
15,235.368
15,235.48
15,235.568
15,235.656
15,235.752
15,235.844
15,235.944
15,236.052
15,236.128
15,236.24
15,236.328
15,236.42
15,236.54
15,236.668
15,236.76
15,236.86
15,236.948
15,237.04
15,237.128
15,237.224
15,237.316
15,237.42
15,237.516
15,237.596
15,237.696
15,237.78
15,237.872
15,237.972
15,238.068
15,238.136
15,238.228
15,238.324
15,238.436
15,238.516
15,238.608
15,238.72
15,238.816
15,238.908
15,239.04
15,239.132
15,239.256
15,239.344
15,239.452
15,239.536
15,239.62
15,239.732
15,239.848
15,239.912
15,239.968
15,240.068
15,240.168
15,240.26
15,240.36
15,240.46
15,240.54
15,240.616
15,240.72
15,240.832
15,240.932
15,241.04
15,241.124
15,241.224
15,241.3
15,241.404
15,241.516
15,241.604
15,241.68
15,241.784
15,241.876
15,241.956
15,242.068
15,242.168
15,242.256
15,242.34
15,242.44
15,242.544
15,242.644
15,242.748
15,242.796
15,242.852
15,242.908
15,243.004
15,243.108
15,243.196
15,243.284
15,243.376
15,243.46
15,243.564
15,243.648
15,243.74
15,243.816
15,243.928
15,244.016
15,244.14
15,244.26
15,244.372
15,244.492
15,244.6
15,244.688
15,244.8
15,244.892
15,244.98
15,245.056
15,245.132
15,245.208
15,245.292
15,245.42
15,245.528
15,245.632
15,245.708
15,245.788
15,245.892
15,245.98
15,246.024
15,246.1
15,246.192
15,246.308
15,246.416
15,246.448
15,246.528
15,246.572
15,246.676
15,246.792
15,246.812
15,246.904
15,246.924
15,246.992
15,247.076
15,247.14
15,247.216
15,247.3
15,247.4
15,247.488
15,247.568
15,247.648
15,247.744
15,247.828
15,247.92
15,248.008
15,248.088
15,248.172
15,248.252
15,248.328
15,248.42
15,248.52
15,248.608
15,248.64
15,248.72
15,248.752
15,248.856
15,248.956
15,249.064
15,249.168
15,249.268
15,249.344
15,249.408
15,249.496
15,249.572
15,249.648
15,249.724
15,249.82
15,249.912
15,250.032
15,250.14
15,250.224
15,250.3
15,250.376
15,250.448
15,250.552
15,250.64
15,250.712
15,250.804
15,250.892
15,250.972
15,251.072
15,251.152
15,251.244
15,251.36
15,251.42
15,251.504
15,251.612
15,251.728
15,251.816
15,251.896
15,251.968
15,252.056
15,252.144
15,252.24
15,252.264
15,252.352
15,252.44
15,252.532
15,252.592
15,252.704
15,252.748
15,252.796
15,252.892
15,252.996
15,253.08
15,253.192
15,253.284
15,253.38
15,253.472
15,253.552
15,253.648
15,253.728
15,253.832
15,253.888
15,253.984
15,254.072
15,254.176
15,254.272
15,254.364
15,254.456
15,254.548
15,254.648
15,254.724
15,254.812
15,254.908
15,255.02
15,255.116
15,255.168
15,255.264
15,255.344
15,255.428
15,255.528
15,255.632
15,255.728
15,255.828
15,255.924
15,256.024
15,256.096
15,256.18
15,256.284
15,256.388
15,256.472
15,256.56
15,256.636
15,256.724
15,256.832
15,256.904
15,256.992
15,257.084
15,257.2
15,257.292
15,257.412
15,257.5
15,257.528
15,257.628
15,257.708
15,257.8
15,257.908
15,258.012
15,258.088
15,258.184
15,258.28
15,258.376
15,258.452
15,258.536
15,258.612
15,258.684
15,258.784
15,258.872
15,258.964
15,259.056
15,259.168
15,259.268
15,259.352
15,259.444
15,259.536
15,259.648
15,259.74
15,259.816
15,259.912
15,259.988
15,260.108
15,260.216
15,260.308
15,260.376
15,260.472
15,260.56
15,260.656
15,260.772
15,260.884
15,260.992
15,261.096
15,261.176
15,261.256
15,261.328
15,261.416
15,261.464
15,261.552
15,261.648
15,261.736
15,261.828
15,261.92
15,262.02
15,262.124
15,262.228
15,262.332
15,262.416
15,262.492
15,262.584
15,262.66
15,262.756
15,262.856
15,262.932
15,263.024
15,263.132
15,263.22
15,263.34
15,263.448
15,263.556
15,263.664
15,263.728
15,263.816
15,263.928
15,264.048
15,264.132
15,264.272
15,264.316
15,264.416
15,264.5
15,264.532
15,264.604
15,264.708
15,264.816
15,264.936
15,265.032
15,265.128
15,265.224
15,265.28
15,265.368
15,265.464
15,265.552
15,265.612
15,265.7
15,265.796
15,265.888
15,265.98
15,266.092
15,266.152
15,266.24
15,266.316
15,266.388
15,266.488
15,266.544
15,266.628
15,266.656
15,266.74
15,266.784
15,266.864
15,266.948
15,267.028
15,267.128
15,267.228
15,267.328
15,267.436
15,267.516
15,267.612
15,267.704
15,267.784
15,267.868
15,267.948
15,268.044
15,268.144
15,268.228
15,268.272
15,268.364
15,268.48
15,268.6
15,268.692
15,268.768
15,268.88
15,268.976
15,269.116
15,269.2
15,269.296
15,269.396
15,269.504
15,269.596
15,269.616
15,269.68
15,269.76
15,269.832
15,269.972
15,270.076
15,270.192
15,270.28
15,270.296
15,270.368
15,270.48
15,270.56
15,270.648
15,270.748
15,270.852
15,270.944
15,271.044
15,271.128
15,271.224
15,271.336
15,271.412
15,271.488
15,271.588
15,271.692
15,271.772
15,271.836
15,271.92
15,272.036
15,272.124
15,272.232
15,272.336
15,272.416
15,272.532
15,272.632
15,272.7
15,272.756
15,272.856
15,272.928
15,273.028
15,273.136
15,273.22
15,273.252
15,273.332
15,273.368
15,273.46
15,273.572
15,273.672
15,273.756
15,273.84
15,273.952
15,274.044
15,274.144
15,274.244
15,274.376
15,274.468
15,274.556
15,274.652
15,274.716
15,274.808
15,274.912
15,275.008
15,275.116
15,275.128
15,275.224
15,275.328
15,275.416
15,275.508
15,275.6
15,275.696
15,275.792
15,275.876
15,275.96
15,276.044
15,276.132
15,276.22
15,276.316
15,276.404
15,276.492
15,276.596
15,276.712
15,276.82
15,276.928
15,277.024
15,277.108
15,277.176
15,277.264
15,277.38
15,277.488
15,277.552
15,277.64
15,277.72
15,277.824
15,277.924
15,278.028
15,278.104
15,278.184
15,278.236
15,278.336
15,278.424
15,278.528
15,278.64
15,278.728
15,278.816
15,278.912
15,279.012
15,279.116
15,279.216
15,279.316
15,279.392
15,279.468
15,279.524
15,279.632
15,279.724
15,279.812
15,279.848
15,279.912
15,279.984
15,280.064
15,280.16
15,280.252
15,280.332
15,280.4
15,280.488
15,280.612
15,280.708
15,280.8
15,280.896
15,280.988
15,281.116
15,281.204
15,281.268
15,281.336
15,281.424
15,281.532
15,281.62
15,281.716
15,281.788
15,281.888
15,281.98
15,282.056
15,282.152
15,282.276
15,282.392
15,282.488
15,282.588
15,282.668
15,282.748
15,282.824
15,282.912
15,283.008
15,283.1
15,283.152
15,283.212
15,283.276
15,283.396
15,283.504
15,283.596
15,283.696
15,283.748
15,283.824
15,283.924
15,284.008
15,284.124
15,284.196
15,284.292
15,284.38
15,284.46
15,284.552
15,284.648
15,284.756
15,284.8
15,284.864
15,284.952
15,285.04
15,285.132
15,285.216
15,285.316
15,285.428
15,285.504
15,285.58
15,285.676
15,285.768
15,285.852
15,285.948
15,286.028
15,286.112
15,286.196
15,286.312
15,286.408
15,286.428
15,286.516
15,286.544
15,286.6
15,286.676
15,286.788
15,286.892
15,286.996
15,287.084
15,287.196
15,287.296
15,287.38
15,287.464
15,287.568
15,287.664
15,287.76
15,287.848
15,287.916
15,288.036
15,288.132
15,288.252
15,288.332
15,288.368
15,288.46
15,288.552
15,288.648
15,288.728
15,288.812
15,288.932
15,289.016
15,289.1
15,289.12
15,289.2
15,289.304
15,289.404
15,289.508
15,289.6
15,289.692
15,289.796
15,289.828
15,289.936
15,290.056
15,290.148
15,290.212
15,290.328
15,290.408
15,290.48
15,290.564
15,290.684
15,290.776
15,290.856
15,290.94
15,291.036
15,291.132
15,291.196
15,291.288
15,291.38
15,291.476
15,291.576
15,291.676
15,291.784
15,291.86
15,291.952
15,292.052
15,292.092
15,292.148
15,292.24
15,292.32
15,292.42
15,292.516
15,292.608
15,292.724
15,292.82
15,292.9
15,292.996
15,293.088
15,293.184
15,293.288
15,293.376
15,293.472
15,293.576
15,293.66
15,293.74
15,293.832
15,293.892
15,293.972
15,294.052
15,294.16
15,294.276
15,294.388
15,294.484
15,294.572
15,294.592
15,294.68
15,294.784
15,294.856
15,294.932
15,295.028
15,295.12
15,295.216
15,295.304
15,295.416
15,295.504
15,295.6
15,295.7
15,295.796
15,295.86
15,295.948
15,296.052
15,296.12
15,296.192
15,296.296
15,296.388
15,296.456
15,296.54
15,296.64
15,296.752
15,296.832
15,296.94
15,297.056
15,297.14
15,297.2
15,297.3
15,297.392
15,297.484
15,297.604
15,297.716
15,297.8
15,297.888
15,297.988
15,298.064
15,298.132
15,298.232
15,298.312
15,298.4
15,298.412
15,298.496
15,298.576
15,298.676
15,298.752
15,298.82
15,298.92
15,299.012
15,299.116
15,299.192
15,299.276
15,299.4
15,299.488
15,299.592
15,299.68
15,299.756
15,299.848
15,299.96
15,300.056
15,300.148
15,300.224
15,300.32
15,300.396
15,300.488
15,300.592
15,300.656
15,300.76
15,300.852
15,300.948
15,301.036
15,301.168
15,301.264
15,301.292
15,301.368
15,301.468
15,301.56
15,301.664
15,301.752
15,301.836
15,301.9
15,302.004
15,302.092
15,302.196
15,302.304
15,302.412
15,302.516
15,302.576
15,302.628
15,302.72
15,302.824
15,302.932
15,303.02
15,303.08
15,303.184
15,303.272
15,303.304
15,303.408
15,303.496
15,303.556
15,303.612
15,303.66
15,303.72
15,303.816
15,303.852
15,303.936
15,304.032
15,304.144
15,304.22
15,304.308
15,304.424
15,304.44
24,304.524
24,304.572
24,304.66
24,304.76
24,304.864
24,304.972
24,305.1
24,305.216
24,305.308
24,305.404
24,305.508
24,305.62
24,305.708
24,305.756
24,305.824
24,305.868
24,305.908
24,305.964
24,306.08
24,306.18
24,306.292
24,306.388
24,306.512
24,306.62
24,306.724
24,306.836
24,306.94
24,307.056
24,307.156
24,307.244
24,307.34
24,307.44
24,307.544
24,307.648
24,307.732
24,307.832
24,307.936
24,308.04
24,308.144
24,308.24
24,308.28
24,308.4
24,308.508
24,308.604
24,308.696
24,308.752
24,308.852
24,308.884
24,308.976
24,309.1
24,309.216
24,309.324
24,309.444
24,309.528
24,309.62
24,309.724
24,309.844
24,309.94
24,310.048
24,310.16
24,310.26
24,310.368
24,310.468
24,310.564
24,310.66
24,310.76
24,310.868
24,310.98
24,311.096
24,311.208
24,311.304
24,311.408
24,311.432
24,311.516
24,311.584
24,311.68
24,311.792
24,311.88
24,311.972
24,312.064
24,312.156
24,312.256
24,312.352
24,312.456
24,312.56
24,312.664
24,312.772
24,312.86
24,312.968
24,313.032
24,313.096
24,313.184
24,313.272
24,313.372
24,313.472
24,313.588
24,313.664
24,313.784
24,313.896
24,313.996
24,314.1
24,314.204
24,314.268
24,314.372
24,314.44
24,314.512
24,314.636
24,314.732
24,314.824
24,314.928
24,315.032
24,315.144
24,315.264
24,315.36
24,315.468
24,315.584
24,315.604
24,315.688
24,315.732
24,315.86
24,315.9
24,315.992
24,316.08
24,316.188
24,316.296
24,316.396
24,316.488
24,316.576
24,316.68
24,316.804
24,316.92
24,317.044
24,317.152
24,317.248
24,317.34
24,317.424
24,317.504
24,317.612
24,317.74
24,317.86
24,318
24,318.104
24,318.136
24,318.2
24,318.292
24,318.388
24,318.484
24,318.6
24,318.696
24,318.8
24,318.9
24,318.984
24,319.064
24,319.176
24,319.28
24,319.38
24,319.48
24,319.604
24,319.72
24,319.82
24,319.94
24,320.068
24,320.16
24,320.244
24,320.332
24,320.428
24,320.52
24,320.628
24,320.728
24,320.82
24,320.916
24,321.032
24,321.152
24,321.256
24,321.352
24,321.436
24,321.516
24,321.524
24,321.604
24,321.72
24,321.812
24,321.912
24,322.012
24,322.112
24,322.2
24,322.28
24,322.376
24,322.472
24,322.576
24,322.668
24,322.732
24,322.82
24,322.928
24,323.036
24,323.14
24,323.24
24,323.352
24,323.448
24,323.516
24,323.536
24,323.64
24,323.756
24,323.86
24,323.96
24,324.08
24,324.176
24,324.276
24,324.368
24,324.488
24,324.6
24,324.708
24,324.824
24,324.956
24,324.992
24,325.096
24,325.14
24,325.24
24,325.324
24,325.424
24,325.508
24,325.544
24,325.62
24,325.668
24,325.768
24,325.852
24,325.948
24,326.052
24,326.172
24,326.276
24,326.384
24,326.46
24,326.556
24,326.672
24,326.78
24,326.896
24,327.004
24,327.128
24,327.22
24,327.324
24,327.424
24,327.524
24,327.62
24,327.732
24,327.824
24,327.924
24,328.012
24,328.036
24,328.124
24,328.212
24,328.324
24,328.416
24,328.516
24,328.612
24,328.712
24,328.808
24,328.896
24,329.008
24,329.1
24,329.212
24,329.332
24,329.44
24,329.476
24,329.584
24,329.688
24,329.8
24,329.896
24,330.012
24,330.12
24,330.204
24,330.28
24,330.376
24,330.46
24,330.48
24,330.568
24,330.62
24,330.688
24,330.764
24,330.808
24,330.916
24,331.044
24,331.144
24,331.26
24,331.34
24,331.428
24,331.54
24,331.64
24,331.74
24,331.844
24,331.952
24,332.068
24,332.172
24,332.288
24,332.372
24,332.468
24,332.56
24,332.656
24,332.764
24,332.872
24,332.968
24,333.076
24,333.192
24,333.296
24,333.388
24,333.508
24,333.608
24,333.7
24,333.8
24,333.9
24,333.976
24,334.088
24,334.212
24,334.248
24,334.328
24,334.404
24,334.476
24,334.596
24,334.708
24,334.8
24,334.904
24,335.008
24,335.12
24,335.224
24,335.324
24,335.396
24,335.484
24,335.58
24,335.696
24,335.808
24,335.9
24,336.004
24,336.088
24,336.204
24,336.324
24,336.46
24,336.576
24,336.692
24,336.788
24,336.896
24,337
24,337.124
24,337.196
24,337.288
24,337.4
24,337.5
24,337.588
24,337.692
24,337.788
24,337.84
24,337.956
24,338.068
24,338.164
24,338.28
24,338.388
24,338.48
24,338.54
24,338.66
24,338.744
24,338.852
24,338.944
24,339.052
24,339.148
24,339.252
24,339.34
24,339.432
24,339.516
24,339.636
24,339.736
24,339.84
24,339.944
24,340.06
24,340.124
24,340.224
24,340.344
24,340.46
24,340.588
24,340.696
24,340.784
24,340.888
24,340.992
24,341.092
24,341.18
24,341.276
24,341.384
24,341.5
24,341.612
24,341.724
24,341.824
24,341.86
24,341.956
24,342.06
24,342.156
24,342.252
24,342.348
24,342.456
24,342.56
24,342.676
24,342.784
24,342.896
24,342.972
24,343.072
24,343.172
24,343.256
24,343.38
24,343.464
24,343.568
24,343.668
24,343.772
24,343.852
24,343.976
24,344.008
24,344.06
24,344.12
24,344.22
24,344.296
24,344.396
24,344.484
24,344.564
24,344.648
24,344.736
24,344.832
24,344.912
24,345.016
24,345.136
24,345.228
24,345.332
24,345.46
24,345.484
24,345.6
24,345.708
24,345.808
24,345.904
24,346.012
24,346.12
24,346.164
24,346.252
24,346.344
24,346.444
24,346.568
24,346.604
24,346.748
24,346.86
24,346.968
24,347.056
24,347.16
24,347.248
24,347.348
24,347.452
24,347.536
24,347.6
24,347.648
24,347.716
24,347.82
24,347.94
24,348.064
24,348.156
24,348.212
24,348.3
24,348.4
24,348.512
24,348.612
24,348.64
24,348.728
24,348.82
24,348.928
24,349.044
24,349.152
24,349.276
24,349.38
24,349.476
24,349.588
24,349.68
24,349.776
24,349.86
24,349.976
24,350.072
24,350.156
24,350.24
24,350.336
24,350.448
24,350.56
24,350.672
24,350.768
24,350.852
24,350.968
24,351.056
24,351.12
24,351.208
24,351.232
24,351.316
24,351.376
24,351.452
24,351.544
24,351.596
24,351.656
24,351.744
24,351.808
24,351.88
24,351.964
24,352.048
24,352.14
24,352.236
24,352.316
24,352.428
24,352.54
24,352.632
24,352.728
24,352.824
24,352.928
24,352.996
24,353.08
24,353.188
24,353.264
24,353.356
24,353.452
24,353.54
24,353.632
24,353.732
24,353.832
24,353.932
24,354.048
24,354.156
24,354.28
24,354.376
24,354.472
24,354.568
24,354.672
24,354.8
24,354.892
24,354.984
24,355.092
24,355.192
24,355.304
24,355.4
24,355.488
24,355.548
24,355.644
24,355.728
24,355.832
24,355.928
24,356.016
24,356.116
24,356.216
24,356.244
24,356.336
24,356.428
24,356.528
24,356.604
24,356.684
24,356.768
24,356.856
24,356.944
24,357.056
24,357.156
24,357.256
24,357.364
24,357.448
24,357.556
24,357.592
24,357.664
24,357.784
24,357.864
24,357.972
24,358.068
24,358.184
24,358.28
24,358.396
24,358.492
24,358.624
24,358.744
24,358.86
24,358.964
24,359.072
24,359.188
24,359.284
24,359.34
24,359.38
24,359.436
24,359.544
24,359.644
24,359.74
24,359.868
24,359.976
24,360.088
24,360.188
24,360.284
24,360.384
24,360.464
24,360.556
24,360.652
24,360.756
24,360.852
24,360.96
24,361.068
24,361.164
24,361.272
24,361.352
24,361.448
24,361.54
24,361.664
24,361.772
24,361.872
24,361.972
24,362.068
24,362.164
24,362.284
24,362.368
24,362.452
24,362.568
24,362.656
24,362.792
24,362.912
24,362.996
24,363.084
24,363.172
24,363.252
24,363.312
24,363.424
24,363.544
24,363.632
24,363.72
24,363.836
24,363.92
24,364.02
24,364.136
24,364.24
24,364.364
24,364.412
24,364.52
24,364.624
24,364.72
24,364.832
24,364.94
24,365.036
24,365.124
24,365.204
24,365.3
24,365.4
24,365.508
24,365.62
24,365.732
24,365.832
24,365.948
24,366.048
24,366.164
24,366.244
24,366.344
24,366.424
24,366.476
24,366.576
24,366.676
24,366.76
24,366.844
24,366.932
24,367.04
24,367.14
24,367.24
24,367.348
24,367.456
24,367.56
24,367.648
24,367.704
24,367.768
24,367.88
24,367.94
24,368.044
24,368.132
24,368.22
24,368.312
24,368.416
24,368.52
24,368.624
24,368.756
24,368.868
24,368.944
24,369.024
24,369.148
24,369.244
24,369.34
24,369.452
24,369.588
24,369.712
24,369.8
24,369.844
24,369.964
24,370.068
24,370.152
24,370.296
24,370.388
24,370.472
24,370.544
24,370.632
24,370.752
24,370.864
24,370.936
24,371.016
24,371.084
24,371.156
24,371.26
24,371.364
24,371.452
24,371.544
24,371.62
24,371.708
24,371.764
24,371.864
24,371.976
24,372.092
24,372.132
24,372.212
24,372.252
24,372.348
24,372.436
24,372.536
24,372.62
24,372.728
24,372.82
24,372.916
24,373.008
24,373.064
24,373.164
24,373.204
24,373.312
24,373.392
24,373.472
24,373.596
24,373.664
24,373.756
24,373.86
24,373.948
24,374.04
24,374.164
24,374.252
24,374.336
24,374.404
24,374.512
24,374.624
24,374.72
24,374.808
24,374.88
24,374.996
24,375.112
24,375.216
24,375.284
24,375.376
24,375.456
24,375.576
24,375.68
24,375.784
24,375.884
24,375.984
24,376.084
24,376.176
24,376.24
24,376.344
24,376.452
24,376.54
24,376.612
24,376.72
24,376.812
24,376.908
24,377.004
24,377.116
24,377.232
24,377.288
24,377.348
24,377.46
24,377.564
24,377.68
24,377.812
24,377.928
24,378.036
24,378.128
24,378.24
24,378.32
24,378.44
24,378.536
24,378.66
24,378.752
24,378.844
24,378.972
24,379.096
24,379.208
24,379.324
24,379.408
24,379.492
24,379.568
24,379.68
24,379.804
24,379.884
24,379.972
24,380.088
24,380.188
24,380.284
24,380.392
24,380.488
24,380.588
24,380.688
24,380.792
24,380.888
24,380.98
24,381.064
24,381.156
24,381.264
24,381.32
24,381.42
24,381.524
24,381.64
24,381.768
24,381.872
24,381.94
24,381.984
24,382.096
24,382.188
24,382.288
24,382.38
24,382.492
24,382.572
24,382.656
24,382.728
24,382.828
24,382.912
24,383.024
24,383.108
24,383.18
24,383.288
24,383.408
24,383.512
24,383.6
24,383.7
24,383.812
24,383.9
24,384.028
24,384.132
24,384.252
24,384.344
24,384.444
24,384.52
24,384.608
24,384.728
24,384.756
24,384.844
24,384.948
24,385.068
24,385.188
24,385.296
24,385.384
24,385.456
24,385.584
24,385.7
24,385.788
24,385.896
24,386.008
24,386.112
24,386.216
24,386.34
24,386.432
24,386.532
24,386.624
24,386.724
24,386.82
24,386.92
24,387.012
24,387.076
24,387.164
24,387.268
24,387.308
24,387.392
24,387.496
24,387.608
24,387.712
24,387.828
24,387.936
24,388.016
24,388.104
24,388.2
24,388.308
24,388.396
24,388.48
24,388.596
24,388.692
24,388.792
24,388.88
24,389.008
24,389.124
24,389.264
24,389.368
24,389.464
24,389.584
24,389.68
24,389.764
24,389.86
24,389.972
24,390.06
24,390.184
24,390.308
24,390.36
24,390.46
24,390.588
24,390.688
24,390.792
24,390.888
24,391.008
24,391.088
24,391.188
24,391.264
24,391.364
24,391.46
24,391.572
24,391.664
24,391.752
24,391.796
24,391.876
24,391.984
24,392.116
24,392.224
24,392.32
24,392.424
24,392.512
24,392.632
24,392.744
24,392.864
24,392.968
24,393.096
24,393.2
24,393.228
24,393.304
24,393.392
24,393.496
24,393.592
24,393.704
24,393.788
24,393.88
24,393.992
24,394.104
24,394.192
24,394.3
24,394.336
24,394.428
24,394.468
24,394.516
24,394.556
24,394.652
24,394.7
24,394.792
24,394.876
24,394.976
24,395.06
24,395.164
24,395.256
24,395.344
24,395.456
24,395.536
24,395.62
24,395.732
24,395.864
24,395.984
24,396.092
24,396.18
24,396.208
24,396.328
24,396.364
24,396.484
24,396.608
24,396.708
24,396.816
24,396.924
24,397.012
24,397.112
24,397.204
24,397.3
24,397.4
24,397.504
24,397.6
24,397.712
24,397.828
24,397.924
24,398
24,398.08
24,398.188
24,398.316
24,398.432
24,398.54
24,398.56
24,398.648
24,398.78
24,398.884
24,399.004
24,399.108
24,399.232
24,399.316
24,399.424
24,399.52
24,399.628
24,399.744
24,399.84
24,399.936
24,399.98
24,400.068
24,400.172
24,400.26
24,400.344
24,400.448
24,400.544
24,400.636
24,400.712
24,400.8
24,400.904
24,401.008
24,401.096
24,401.192
24,401.268
24,401.292
24,401.376
24,401.468
24,401.54
24,401.552
24,401.628
24,401.752
24,401.884
24,401.988
24,402.136
24,402.168
24,402.296
24,402.428
24,402.528
24,402.612
24,402.72
24,402.82
24,402.932
24,403.064
24,403.172
24,403.292
24,403.4
24,403.528
24,403.62
24,403.716
24,403.82
24,403.916
24,404
24,404.02
24,404.116
24,404.212
24,404.32
24,404.436
24,404.536
24,404.632
24,404.72
24,404.816
24,404.924
24,405.024
24,405.116
24,405.224
24,405.304
24,405.384
24,405.488
24,405.568
24,405.672
24,405.772
24,405.804
24,405.868
24,405.972
24,406.072
24,406.204
24,406.308
24,406.416
24,406.516
24,406.604
24,406.708
24,406.812
24,406.904
24,406.996
24,407.072
24,407.168
24,407.252
24,407.296
24,407.4
24,407.5
24,407.612
24,407.704
24,407.724
24,407.796
24,407.904
24,408.012
24,408.112
24,408.208
24,408.312
24,408.392
24,408.488
24,408.584
24,408.672
24,408.764
24,408.84
24,408.924
24,408.98
24,409.072
24,409.176
24,409.288
24,409.376
24,409.46
24,409.56
24,409.672
24,409.74
24,409.78
24,409.876
24,409.96
24,410.044
24,410.128
24,410.236
24,410.344
24,410.456
24,410.564
24,410.68
24,410.784
24,410.888
24,411
24,411.088
24,411.172
24,411.284
24,411.392
24,411.488
24,411.604
24,411.632
24,411.72
24,411.824
24,411.944
24,412.04
24,412.12
24,412.14
24,412.236
24,412.356
24,412.44
24,412.56
24,412.664
24,412.704
24,412.764
24,412.856
24,412.968
24,413.064
24,413.16
24,413.248
24,413.364
24,413.46
24,413.564
24,413.656
24,413.752
24,413.844
24,413.924
24,414.02
24,414.136
24,414.244
24,414.36
24,414.468
24,414.564
24,414.652
24,414.732
24,414.848
24,414.948
24,415.04
24,415.156
24,415.26
24,415.344
24,415.424
24,415.528
24,415.62
24,415.732
24,415.844
24,415.948
24,416.044
24,416.144
24,416.26
24,416.348
24,416.448
24,416.524
24,416.624
24,416.752
24,416.86
24,416.996
24,417.1
24,417.128
24,417.204
24,417.32
24,417.456
24,417.568
24,417.692
24,417.788
24,417.88
24,417.976
24,418.088
24,418.168
24,418.26
24,418.36
24,418.456
24,418.572
24,418.68
24,418.776
24,418.884
24,418.972
24,419.068
24,419.164
24,419.212
24,419.284
24,419.356
24,419.444
24,419.548
24,419.608
24,419.72
24,419.832
24,419.924
24,420.008
24,420.116
24,420.22
24,420.292
24,420.372
24,420.484
24,420.572
24,420.656
24,420.74
24,420.844
24,420.964
24,421.052
24,421.172
24,421.224
24,421.244
24,421.332
24,421.432
24,421.48
24,421.58
24,421.72
24,421.852
24,421.964
24,422.064
24,422.148
24,422.232
24,422.324
24,422.42
24,422.52
24,422.616
24,422.68
24,422.744
24,422.836
24,422.936
24,423.032
24,423.16
24,423.252
24,423.36
24,423.492
24,423.6
24,423.696
24,423.764
24,423.864
24,423.968
24,424.084
24,424.184
24,424.284
24,424.38
24,424.472
24,424.596
24,424.72
24,424.856
24,424.96
24,425.068
24,425.18
24,425.208
24,425.312
24,425.42
24,425.5
24,425.6
24,425.7
24,425.712
24,425.8
24,425.896
24,425.996
24,426.028
24,426.136
24,426.256
24,426.364
24,426.452
24,426.536
24,426.644
24,426.724
24,426.808
24,426.92
24,427.036
24,427.14
24,427.272
24,427.36
24,427.468
24,427.552
24,427.644
24,427.748
24,427.832
24,427.924
24,428.012
24,428.088
24,428.124
24,428.208
24,428.252
24,428.372
24,428.408
24,428.464
24,428.512
24,428.556
24,428.66
24,428.748
24,428.884
24,428.996
24,429.124
24,429.232
24,429.348
24,429.436
24,429.552
24,429.608
24,429.724
24,429.82
24,429.912
24,430.024
24,430.092
24,430.196
24,430.3
24,430.396
24,430.504
24,430.576
24,430.676
24,430.724
24,430.824
24,430.924
24,431.036
24,431.152
24,431.232
24,431.332
24,431.432
24,431.512
24,431.552
24,431.62
24,431.668
24,431.76
24,431.856
24,431.956
24,432.044
24,432.14
24,432.224
24,432.336
24,432.436
24,432.548
24,432.64
24,432.74
24,432.84
24,432.948
24,433.036
24,433.148
24,433.272
24,433.392
24,433.476
24,433.592
24,433.7
24,433.808
24,433.908
24,434.02
24,434.128
24,434.224
24,434.316
24,434.396
24,434.488
24,434.568
24,434.644
24,434.74
24,434.852
24,434.952
24,435.048
24,435.116
24,435.188
24,435.272
24,435.36
24,435.436
24,435.528
24,435.596
24,435.596
