0,0
0,37.016
0,37.048
0,37.1
0,37.148
0,37.204
0,37.248
0,37.3
0,37.352
0,37.4
0,37.452
0,37.504
0,37.548
0,37.604
0,37.652
0,37.704
0,37.752
0,37.808
0,37.852
0,37.9
0,37.952
0,38
0,38.048
0,38.1
0,38.148
0,38.2
0,38.252
0,38.3
0,38.348
0,38.4
0,38.448
0,38.504
0,38.548
0,38.6
0,38.648
0,38.704
0,38.752
0,38.8
0,38.848
0,38.904
0,38.952
0,39.004
0,39.048
0,39.1
0,39.148
0,39.2
0,39.248
0,39.3
0,39.348
0,39.404
0,39.452
0,39.504
0,39.548
0,39.604
0,39.652
0,39.708
0,39.756
0,39.804
0,39.856
0,39.908
0,39.956
0,40.004
0,40.056
0,40.104
0,40.156
0,40.204
0,40.252
0,40.304
0,40.352
0,40.404
0,40.452
0,40.504
0,40.552
0,40.604
0,40.656
0,40.704
0,40.752
0,40.808
0,40.856
0,40.904
0,40.956
0,41.004
0,41.052
0,41.104
0,41.152
0,41.204
0,41.252
0,41.308
0,41.356
0,41.404
0,41.456
0,41.504
0,41.552
0,41.608
0,41.652
0,41.704
0,41.752
0,41.808
0,41.856
0,41.908
0,41.952
0,42.008
0,42.056
0,42.108
0,42.156
0,42.204
0,42.256
0,42.308
0,42.352
0,42.404
0,42.452
0,42.504
0,42.556
0,42.604
0,42.656
0,42.704
0,42.756
0,42.804
0,42.856
0,42.904
0,42.952
0,43.008
0,43.056
0,43.112
0,43.16
0,43.212
0,43.256
0,43.312
0,43.356
0,43.412
0,43.464
0,43.512
0,43.552
0,43.604
0,43.656
0,43.708
0,43.756
0,43.812
0,43.86
0,43.908
0,43.956
0,44.012
0,44.06
0,44.108
0,44.152
0,44.204
0,44.264
0,44.312
0,44.356
0,44.408
0,44.452
0,44.508
0,44.556
0,44.612
0,44.656
0,44.716
0,44.752
0,44.808
0,44.856
0,44.904
0,44.956
0,45.008
0,45.06
0,45.112
0,45.152
0,45.212
0,45.264
0,45.316
0,45.36
0,45.412
0,45.46
0,45.512
0,45.56
0,45.612
0,45.656
0,45.704
0,45.76
0,45.808
0,45.86
0,45.904
0,45.956
0,46.004
0,46.056
0,46.108
0,46.152
0,46.204
0,46.26
0,46.312
0,46.352
0,46.412
0,46.452
0,46.512
0,46.556
0,46.612
0,46.664
0,46.716
0,46.752
0,46.812
0,46.856
0,46.908
0,46.964
0,47.012
0,47.06
0,47.108
0,47.156
0,47.212
0,47.256
0,47.308
0,47.356
0,47.412
0,47.46
0,47.512
0,47.556
0,47.616
0,47.664
0,47.708
0,47.756
0,47.812
0,47.856
0,47.904
0,47.952
0,48.012
0,48.064
0,48.104
0,48.164
0,48.212
0,48.256
0,48.312
0,48.36
0,48.404
0,48.46
0,48.508
0,48.556
0,48.612
0,48.66
0,48.708
0,48.756
0,48.816
0,48.86
0,48.908
0,48.956
0,49.008
0,49.056
0,49.104
0,49.156
0,49.208
0,49.252
0,49.308
0,49.356
0,49.408
0,49.456
0,49.508
0,49.552
0,49.608
0,49.656
0,49.704
0,49.752
0,49.808
0,49.852
0,49.908
0,49.96
0,50.008
0,50.06
0,50.112
0,50.156
0,50.208
0,50.256
0,50.312
0,50.36
0,50.408
0,50.456
0,50.508
0,50.56
0,50.608
0,50.656
0,50.708
0,50.752
0,50.816
0,50.856
0,50.912
0,50.96
0,51.012
0,51.056
0,51.104
0,51.16
0,51.212
0,51.252
0,51.308
0,51.36
0,51.416
0,51.46
0,51.512
0,51.556
0,51.612
0,51.66
0,51.704
0,51.756
0,51.812
0,51.856
0,51.908
0,51.956
0,52.008
0,52.056
0,52.108
0,52.156
0,52.208
0,52.26
0,52.308
0,52.36
0,52.408
0,52.456
0,52.508
0,52.56
0,52.608
0,52.652
0,52.7
0,52.76
0,52.812
0,52.852
0,52.908
0,52.956
0,53.008
0,53.056
0,53.104
0,53.156
0,53.208
0,53.26
0,53.308
0,53.356
0,53.408
0,53.456
0,53.512
0,53.552
0,53.616
0,53.66
0,53.704
0,53.756
0,53.808
0,53.86
0,53.912
0,53.956
0,54.008
0,54.06
0,54.116
0,54.164
0,54.212
0,54.264
0,54.316
0,54.372
0,54.416
0,54.46
0,54.508
0,54.56
0,54.608
0,54.656
0,54.708
0,54.756
0,54.808
0,54.864
0,54.908
0,54.956
0,55.008
0,55.064
0,55.112
0,55.156
0,55.208
0,55.256
0,55.304
0,55.352
0,55.412
0,55.456
0,55.508
0,55.552
0,55.612
0,55.66
0,55.712
0,55.76
0,55.812
0,55.852
0,55.912
0,55.964
0,56.008
0,56.056
0,56.108
0,56.16
0,56.204
0,56.26
0,56.308
0,56.356
0,56.408
0,56.452
0,56.508
0,56.556
0,56.608
0,56.652
0,56.708
0,56.752
0,56.804
0,56.856
0,56.908
0,56.956
0,57.008
0,57.052
0,57.108
0,57.152
0,57.204
0,57.252
0,57.308
0,57.352
0,57.408
0,57.456
0,57.508
0,57.556
0,57.608
0,57.652
0,57.708
0,57.756
0,57.808
0,57.856
0,57.908
0,57.956
0,58.008
0,58.052
0,58.108
0,58.152
0,58.204
0,58.256
0,58.308
0,58.36
0,58.404
0,58.452
0,58.508
0,58.56
0,58.608
0,58.66
0,58.712
0,58.752
0,58.808
0,58.856
0,58.912
0,58.964
0,59.008
0,59.06
0,59.112
0,59.152
0,59.208
0,59.264
0,59.308
0,59.352
0,59.412
0,59.452
0,59.512
0,59.556
0,59.612
0,59.656
0,59.704
0,59.756
0,59.808
0,59.856
0,59.908
0,59.956
0,60.012
0,60.056
0,60.108
0,60.156
0,60.208
0,60.256
0,60.304
0,60.356
0,60.412
0,60.452
0,60.512
0,60.556
0,60.604
0,60.656
0,60.712
0,60.76
0,60.812
0,60.86
0,60.908
0,60.956
0,61.008
0,61.064
0,61.108
0,61.156
0,61.208
0,61.252
0,61.308
0,61.356
0,61.404
0,61.46
0,61.512
0,61.564
0,61.612
0,61.668
0,61.708
0,61.752
0,61.812
0,61.86
0,61.908
0,61.952
0,62.012
0,62.06
0,62.112
0,62.16
0,62.216
0,62.284
0,62.356
0,62.412
0,62.468
0,62.54
1,62.592
1,62.676
1,62.74
1,62.804
1,62.856
1,62.908
1,62.96
1,63.028
1,63.104
1,63.152
1,63.152
1,63.224
1,63.296
1,63.364
1,63.424
1,63.488
1,63.564
2,63.664
2,63.744
3,63.804
3,63.864
3,63.888
3,63.964
3,64.032
4,64.112
4,64.168
4,64.236
4,64.312
4,64.376
5,64.456
5,64.536
5,64.612
5,64.684
5,64.764
5,64.836
5,64.912
5,64.992
5,65.06
6,65.128
6,65.216
6,65.3
6,65.376
6,65.46
6,65.524
6,65.604
6,65.68
6,65.76
6,65.824
6,65.904
6,65.968
6,66.056
6,66.116
6,66.172
6,66.244
6,66.332
6,66.404
6,66.504
6,66.572
6,66.596
6,66.656
6,66.712
6,66.784
6,66.872
6,66.964
6,67.032
7,67.112
7,67.192
7,67.272
7,67.352
7,67.416
7,67.476
7,67.556
8,67.632
8,67.728
8,67.792
8,67.86
8,67.924
8,68.004
8,68.092
8,68.164
8,68.232
8,68.3
8,68.38
8,68.456
8,68.54
8,68.636
8,68.724
8,68.812
8,68.92
8,69.004
8,69.08
8,69.16
8,69.248
8,69.336
8,69.42
8,69.504
8,69.592
8,69.696
8,69.78
8,69.884
8,69.968
8,69.976
8,70.024
8,70.076
8,70.16
8,70.236
8,70.308
8,70.376
8,70.472
8,70.548
8,70.636
8,70.728
8,70.812
8,70.904
8,71.008
8,71.096
8,71.184
8,71.272
8,71.364
8,71.456
8,71.536
8,71.628
8,71.68
8,71.764
8,71.848
8,71.916
8,71.992
8,72.076
8,72.152
8,72.228
8,72.32
8,72.412
8,72.516
8,72.628
8,72.656
8,72.7
8,72.752
8,72.836
8,72.94
8,73.028
8,73.104
8,73.204
8,73.28
8,73.352
8,73.452
8,73.548
8,73.632
8,73.712
8,73.816
8,73.908
8,73.996
8,74.076
8,74.168
8,74.276
8,74.364
9,74.444
9,74.544
9,74.632
9,74.728
9,74.84
9,74.94
9,74.964
9,75.04
9,75.112
9,75.236
9,75.324
9,75.424
9,75.52
9,75.616
9,75.708
9,75.812
9,75.92
9,76.008
9,76.136
9,76.212
9,76.328
9,76.428
9,76.528
9,76.616
9,76.716
9,76.824
9,76.92
9,77.02
9,77.104
9,77.204
9,77.296
9,77.38
9,77.476
9,77.572
9,77.668
9,77.752
9,77.828
9,77.912
9,78.008
9,78.1
9,78.196
9,78.296
9,78.38
9,78.488
9,78.572
9,78.676
9,78.776
9,78.868
9,78.976
9,79.064
9,79.176
9,79.256
9,79.348
9,79.44
9,79.524
9,79.62
10,79.724
10,79.82
10,79.904
10,80
10,80.08
10,80.144
10,80.224
10,80.32
10,80.408
10,80.5
10,80.596
10,80.692
10,80.776
10,80.868
10,80.948
10,81.028
10,81.116
10,81.196
10,81.284
10,81.392
10,81.476
10,81.564
10,81.656
10,81.768
10,81.86
10,81.972
10,82.084
10,82.176
10,82.268
10,82.364
10,82.46
10,82.556
10,82.596
10,82.648
10,82.704
10,82.752
10,82.848
10,82.948
10,83.036
10,83.132
10,83.244
10,83.336
10,83.452
10,83.548
10,83.656
10,83.752
10,83.868
10,83.972
10,84.06
10,84.156
10,84.268
10,84.356
10,84.444
10,84.528
10,84.616
10,84.716
10,84.8
10,84.884
10,84.972
11,85.056
11,85.156
11,85.24
11,85.344
11,85.428
11,85.504
11,85.596
11,85.676
11,85.768
11,85.852
11,85.944
11,86.044
11,86.144
11,86.232
11,86.272
11,86.324
11,86.388
11,86.484
11,86.576
11,86.672
11,86.728
11,86.8
11,86.88
11,86.952
11,87.048
11,87.148
11,87.228
11,87.312
11,87.408
11,87.508
11,87.612
11,87.712
11,87.804
11,87.896
11,87.988
11,88.06
11,88.148
11,88.24
11,88.336
11,88.44
12,88.536
12,88.636
12,88.724
12,88.816
12,88.912
12,89.016
12,89.116
12,89.216
12,89.292
12,89.368
12,89.46
12,89.56
12,89.576
12,89.656
12,89.736
12,89.816
12,89.892
12,89.98
12,90.084
12,90.184
12,90.292
12,90.312
12,90.392
12,90.488
12,90.584
12,90.688
12,90.772
12,90.876
12,90.968
12,91.072
12,91.172
12,91.28
12,91.396
12,91.496
12,91.584
12,91.676
12,91.772
12,91.884
12,91.988
12,92.088
12,92.208
12,92.308
12,92.408
12,92.496
12,92.596
12,92.696
12,92.8
12,92.9
12,93.024
12,93.112
12,93.164
12,93.256
12,93.368
12,93.46
12,93.556
12,93.636
12,93.716
12,93.82
12,93.836
12,93.928
12,94.012
12,94.092
12,94.18
12,94.18
12,94.248
12,94.356
12,94.444
12,94.544
12,94.636
12,94.744
12,94.856
12,94.948
12,95.032
12,95.112
12,95.2
12,95.28
12,95.384
12,95.476
12,95.572
12,95.684
12,95.808
12,95.916
12,95.992
12,96.08
12,96.2
12,96.316
12,96.408
12,96.488
12,96.576
12,96.668
12,96.772
12,96.864
12,96.956
12,97.072
12,97.196
12,97.292
12,97.404
12,97.516
12,97.636
12,97.748
12,97.832
12,97.908
12,97.992
12,98.092
12,98.2
12,98.304
12,98.408
12,98.512
12,98.616
12,98.708
12,98.804
12,98.904
12,98.992
12,99.044
12,99.108
12,99.204
12,99.3
12,99.388
12,99.496
12,99.592
12,99.672
12,99.752
12,99.848
12,99.928
12,100.024
12,100.124
12,100.22
12,100.312
12,100.416
12,100.5
12,100.6
12,100.692
12,100.78
12,100.852
12,100.916
12,101.008
12,101.1
12,101.208
12,101.3
12,101.404
12,101.5
12,101.604
12,101.688
12,101.812
12,101.912
12,102.012
12,102.116
12,102.204
12,102.292
12,102.38
12,102.452
12,102.528
12,102.628
12,102.736
12,102.836
12,102.94
12,103.02
12,103.124
12,103.224
12,103.324
12,103.432
12,103.524
12,103.608
12,103.684
12,103.784
12,103.884
12,103.992
12,104.084
12,104.188
12,104.304
12,104.404
12,104.496
12,104.6
12,104.7
12,104.796
12,104.876
12,104.972
12,105.04
12,105.116
12,105.144
12,105.192
12,105.28
12,105.384
12,105.48
12,105.568
12,105.656
12,105.748
12,105.836
12,105.904
12,106.008
12,106.104
12,106.188
12,106.272
12,106.36
12,106.444
12,106.532
12,106.628
12,106.716
12,106.808
12,106.868
12,106.96
12,107.06
12,107.168
12,107.252
12,107.36
12,107.476
12,107.48
12,107.568
12,107.676
12,107.772
12,107.868
12,107.964
12,108.072
12,108.172
12,108.284
12,108.372
12,108.452
12,108.452
12,108.516
12,108.608
12,108.708
12,108.792
12,108.884
12,108.976
12,109.048
12,109.144
12,109.232
12,109.332
12,109.428
12,109.524
12,109.632
12,109.724
12,109.816
12,109.86
12,109.916
12,110.008
12,110.12
12,110.212
12,110.296
12,110.384
12,110.46
12,110.532
12,110.616
12,110.7
12,110.788
12,110.896
12,111.012
12,111.112
12,111.212
12,111.312
12,111.396
12,111.512
12,111.604
12,111.728
12,111.824
12,111.928
12,112.016
12,112.12
12,112.2
12,112.304
12,112.404
12,112.496
12,112.604
12,112.708
12,112.82
12,112.92
12,113.024
12,113.128
12,113.236
12,113.336
12,113.436
12,113.536
12,113.64
12,113.736
12,113.82
12,113.936
12,114.024
12,114.124
12,114.216
12,114.32
12,114.424
12,114.528
12,114.628
12,114.716
12,114.808
12,114.912
12,115.004
12,115.096
12,115.18
12,115.26
12,115.356
12,115.436
12,115.536
12,115.624
12,115.72
12,115.816
12,115.924
12,116.008
12,116.116
12,116.216
12,116.32
12,116.356
12,116.416
12,116.508
12,116.636
12,116.748
12,116.836
12,116.9
12,116.996
12,117.096
12,117.2
12,117.284
12,117.384
12,117.48
12,117.58
12,117.672
12,117.776
12,117.876
12,117.988
12,118.1
12,118.208
12,118.304
12,118.388
12,118.472
12,118.572
12,118.676
12,118.76
12,118.856
12,118.956
12,119.052
12,119.164
12,119.268
12,119.3
12,119.356
12,119.472
12,119.584
12,119.676
12,119.76
12,119.852
12,119.952
12,120.044
12,120.136
12,120.228
12,120.308
12,120.388
12,120.46
12,120.484
12,120.552
12,120.64
12,120.712
12,120.792
12,120.872
12,120.984
12,121.092
12,121.184
12,121.276
12,121.372
12,121.468
12,121.512
12,121.6
12,121.7
12,121.796
12,121.904
12,121.92
12,122
12,122.104
12,122.204
12,122.296
12,122.388
12,122.488
12,122.572
12,122.648
13,122.732
13,122.82
13,122.92
13,123.008
13,123.092
13,123.192
13,123.284
13,123.384
13,123.488
13,123.596
13,123.688
13,123.78
13,123.88
13,123.972
13,124.064
13,124.172
13,124.26
13,124.344
13,124.44
13,124.536
13,124.636
13,124.744
13,124.832
13,124.94
13,125.056
13,125.164
13,125.26
13,125.352
13,125.464
13,125.556
13,125.66
13,125.748
13,125.844
13,125.932
13,126.024
13,126.12
13,126.22
13,126.32
13,126.42
13,126.504
13,126.6
14,126.684
14,126.776
14,126.868
14,126.956
14,127.028
14,127.112
14,127.212
14,127.296
14,127.396
14,127.496
14,127.568
14,127.668
14,127.768
14,127.856
14,127.94
14,128.028
14,128.116
14,128.2
14,128.284
14,128.38
14,128.48
14,128.576
14,128.676
14,128.764
14,128.868
14,128.968
14,129.064
14,129.164
14,129.256
14,129.376
14,129.48
14,129.568
14,129.652
14,129.74
14,129.82
14,129.9
14,129.988
14,130.08
14,130.184
14,130.288
14,130.396
14,130.484
14,130.588
14,130.676
14,130.78
14,130.876
14,130.976
14,131.092
14,131.2
14,131.284
14,131.356
14,131.468
14,131.556
14,131.656
14,131.764
14,131.872
14,131.972
14,132.072
14,132.152
14,132.256
14,132.348
14,132.428
14,132.504
14,132.584
14,132.712
14,132.8
14,132.9
14,133.008
14,133.104
14,133.192
14,133.28
14,133.344
14,133.428
14,133.524
14,133.608
14,133.716
14,133.808
14,133.888
14,133.972
14,134.08
14,134.184
14,134.264
14,134.352
14,134.432
14,134.5
14,134.572
14,134.68
14,134.764
14,134.872
14,134.96
14,135.04
14,135.116
14,135.224
14,135.328
14,135.4
14,135.476
14,135.564
14,135.632
14,135.728
14,135.82
14,135.928
14,136.02
14,136.112
14,136.184
14,136.26
14,136.348
14,136.44
14,136.536
14,136.644
14,136.72
14,136.796
14,136.884
14,136.988
14,137.088
14,137.184
14,137.28
14,137.376
14,137.488
14,137.568
14,137.652
14,137.74
14,137.824
14,137.912
14,138.016
14,138.108
14,138.216
14,138.308
14,138.38
14,138.464
14,138.592
14,138.688
14,138.788
14,138.88
14,138.96
14,139.056
14,139.16
14,139.176
14,139.244
14,139.336
14,139.424
14,139.512
14,139.596
14,139.672
14,139.78
14,139.884
14,139.996
14,140.092
14,140.188
14,140.28
14,140.376
14,140.464
14,140.552
14,140.632
14,140.724
14,140.836
14,140.932
14,141.024
14,141.104
14,141.192
14,141.272
14,141.336
14,141.344
14,141.42
14,141.516
14,141.6
14,141.664
14,141.744
14,141.848
14,141.94
14,142.036
14,142.128
14,142.22
14,142.312
14,142.408
14,142.492
14,142.596
14,142.668
14,142.748
14,142.84
14,142.94
14,143.012
14,143.108
14,143.2
14,143.276
14,143.384
14,143.492
14,143.58
14,143.672
14,143.744
14,143.824
14,143.912
14,144.012
14,144.116
14,144.228
14,144.32
14,144.408
14,144.492
14,144.56
14,144.644
14,144.74
14,144.764
14,144.836
14,144.932
14,145.028
14,145.104
14,145.196
14,145.288
14,145.352
14,145.448
15,145.544
15,145.624
15,145.712
15,145.78
15,145.856
15,145.952
15,146.06
15,146.072
15,146.156
15,146.24
15,146.312
15,146.396
15,146.484
15,146.588
15,146.692
15,146.732
15,146.788
15,146.864
15,146.928
15,146.944
15,147
15,147.072
15,147.16
15,147.244
15,147.34
15,147.444
15,147.548
15,147.636
15,147.728
15,147.832
15,147.92
15,148.004
15,148.096
15,148.18
15,148.276
15,148.376
15,148.472
15,148.56
15,148.656
15,148.748
15,148.844
15,148.932
15,149.016
15,149.088
15,149.188
15,149.288
15,149.392
15,149.476
15,149.548
15,149.616
15,149.732
15,149.816
15,149.912
15,150.008
15,150.1
15,150.188
15,150.264
15,150.356
15,150.44
15,150.544
15,150.628
15,150.724
15,150.808
15,150.888
15,150.976
15,151.064
15,151.152
15,151.252
15,151.344
15,151.436
15,151.532
15,151.616
15,151.704
15,151.78
15,151.86
15,151.964
15,152.052
15,152.14
15,152.232
15,152.3
15,152.388
15,152.488
15,152.58
15,152.656
15,152.736
15,152.836
15,152.936
15,153.02
15,153.1
15,153.188
15,153.316
15,153.408
15,153.5
15,153.56
15,153.652
15,153.744
15,153.82
15,153.92
15,153.988
15,154.076
15,154.172
15,154.264
15,154.364
15,154.468
15,154.568
15,154.672
15,154.776
15,154.868
15,154.964
15,155.048
15,155.116
15,155.22
15,155.24
15,155.328
15,155.412
15,155.504
15,155.612
15,155.708
15,155.812
15,155.884
15,155.972
15,156.056
15,156.152
15,156.264
15,156.348
15,156.404
15,156.492
15,156.592
15,156.676
15,156.772
15,156.868
15,156.968
15,157.048
15,157.116
15,157.216
15,157.308
15,157.4
15,157.5
15,157.6
15,157.688
15,157.756
15,157.84
15,157.916
15,158.008
15,158.096
15,158.192
15,158.276
15,158.36
15,158.468
15,158.576
15,158.684
15,158.768
15,158.872
15,158.928
15,159.024
15,159.12
15,159.22
15,159.332
15,159.428
15,159.528
15,159.612
15,159.692
15,159.768
15,159.864
15,159.968
15,160.06
15,160.18
15,160.288
15,160.4
15,160.492
15,160.568
15,160.652
15,160.756
15,160.848
15,160.948
15,161.06
15,161.192
15,161.276
15,161.368
15,161.432
15,161.544
15,161.648
15,161.776
15,161.876
15,161.96
15,162.076
15,162.168
15,162.256
15,162.348
15,162.436
15,162.516
15,162.588
15,162.684
15,162.796
15,162.896
15,163
15,163.116
15,163.212
15,163.304
15,163.368
15,163.404
15,163.48
15,163.568
15,163.656
15,163.764
15,163.86
15,163.948
15,164.048
15,164.172
15,164.272
15,164.356
15,164.432
15,164.52
15,164.608
15,164.712
15,164.82
15,164.904
15,164.98
15,165.084
15,165.176
15,165.276
15,165.372
15,165.484
15,165.588
15,165.688
15,165.772
15,165.836
15,165.932
15,166.024
15,166.128
15,166.232
15,166.332
15,166.436
15,166.532
15,166.648
15,166.764
15,166.848
15,166.944
15,167.036
15,167.124
15,167.212
15,167.288
15,167.388
15,167.488
15,167.584
15,167.692
15,167.764
15,167.832
15,167.888
15,167.972
15,168.052
15,168.18
15,168.268
15,168.38
15,168.464
15,168.564
15,168.644
15,168.732
15,168.82
15,168.928
15,169.036
15,169.132
15,169.228
15,169.316
15,169.396
15,169.492
15,169.588
15,169.68
15,169.776
15,169.864
15,169.952
15,170.032
15,170.132
15,170.232
15,170.348
15,170.444
15,170.54
15,170.656
15,170.752
15,170.852
15,170.96
15,171.052
15,171.172
15,171.28
15,171.376
15,171.48
15,171.584
15,171.676
15,171.756
15,171.828
15,171.924
15,172.02
15,172.112
15,172.18
15,172.256
15,172.36
15,172.468
15,172.576
15,172.584
15,172.676
15,172.756
15,172.856
15,172.952
15,173.052
15,173.148
15,173.24
15,173.304
15,173.396
15,173.484
15,173.58
15,173.688
15,173.78
15,173.876
15,173.988
15,174.084
15,174.184
15,174.24
15,174.28
15,174.332
15,174.42
15,174.52
15,174.616
15,174.712
15,174.808
15,174.876
15,174.944
15,175.048
15,175.128
15,175.232
15,175.348
15,175.452
15,175.528
15,175.632
15,175.716
15,175.816
15,175.908
15,176.008
15,176.108
15,176.196
15,176.288
15,176.376
15,176.444
15,176.532
15,176.632
15,176.716
15,176.832
15,176.916
15,177.012
15,177.092
15,177.164
15,177.244
15,177.344
15,177.44
15,177.536
15,177.632
15,177.716
15,177.808
15,177.904
15,177.992
15,178.104
15,178.2
15,178.276
15,178.344
15,178.436
15,178.536
15,178.636
15,178.732
15,178.82
15,178.94
15,179.028
15,179.132
15,179.26
15,179.34
15,179.44
15,179.54
15,179.656
15,179.772
15,179.872
15,179.956
15,180.056
15,180.152
15,180.228
15,180.312
15,180.392
15,180.484
15,180.584
15,180.672
15,180.692
15,180.784
15,180.872
15,180.976
15,181.064
15,181.152
15,181.236
15,181.32
15,181.412
15,181.512
15,181.604
15,181.692
15,181.772
15,181.844
15,181.92
15,182.008
15,182.1
15,182.208
15,182.3
15,182.4
15,182.44
15,182.504
15,182.612
15,182.712
15,182.812
15,182.92
15,183.024
15,183.108
15,183.172
15,183.244
15,183.256
15,183.296
15,183.356
15,183.432
15,183.516
15,183.612
15,183.676
15,183.744
15,183.832
15,183.904
15,183.972
15,184.06
15,184.156
15,184.264
15,184.372
15,184.46
15,184.564
15,184.676
15,184.776
15,184.88
15,184.972
15,185.072
15,185.156
15,185.236
15,185.316
15,185.412
15,185.516
15,185.616
15,185.708
15,185.8
15,185.888
15,185.988
15,186.08
15,186.184
15,186.256
15,186.272
15,186.352
15,186.44
15,186.54
15,186.62
15,186.732
15,186.832
15,186.844
15,186.944
15,187.044
15,187.136
15,187.228
15,187.316
15,187.392
15,187.476
15,187.564
15,187.656
15,187.744
15,187.84
15,187.944
15,188.032
15,188.128
15,188.236
15,188.332
15,188.428
15,188.432
15,188.48
15,188.572
15,188.668
15,188.764
15,188.868
15,188.924
15,188.924
15,189.016
15,189.096
15,189.176
15,189.288
15,189.388
15,189.472
15,189.564
15,189.66
15,189.74
15,189.828
15,189.924
15,190.008
15,190.108
15,190.208
15,190.304
15,190.376
15,190.46
15,190.548
15,190.624
15,190.724
15,190.82
15,190.908
15,190.984
15,191.068
15,191.164
15,191.24
15,191.344
15,191.46
15,191.56
15,191.664
15,191.764
15,191.848
15,191.92
15,191.992
15,192.064
15,192.172
15,192.28
15,192.36
15,192.444
15,192.532
15,192.612
15,192.712
15,192.804
15,192.9
15,192.992
15,193.08
15,193.164
15,193.272
15,193.372
15,193.464
15,193.56
15,193.652
15,193.756
15,193.836
15,193.924
15,194.004
15,194.092
15,194.2
15,194.292
15,194.4
15,194.492
15,194.6
15,194.684
15,194.776
15,194.876
15,194.976
15,195.08
15,195.176
15,195.268
15,195.376
15,195.468
15,195.552
15,195.628
15,195.716
15,195.808
15,195.904
15,196.012
15,196.092
15,196.188
15,196.272
15,196.36
15,196.448
15,196.544
15,196.64
15,196.72
15,196.804
15,196.9
15,197.012
15,197.096
15,197.2
15,197.292
15,197.4
15,197.472
15,197.544
15,197.644
15,197.74
15,197.84
15,197.932
15,198.028
15,198.092
15,198.176
15,198.288
15,198.388
15,198.488
15,198.592
15,198.644
15,198.696
15,198.796
15,198.888
15,198.972
15,199.052
15,199.136
15,199.228
15,199.32
15,199.416
15,199.512
15,199.612
15,199.72
15,199.808
15,199.908
15,200
15,200.112
15,200.22
15,200.324
15,200.432
15,200.528
15,200.632
15,200.728
15,200.82
15,200.904
15,200.988
15,201.088
15,201.196
15,201.3
15,201.388
15,201.464
15,201.56
15,201.668
15,201.748
15,201.816
15,201.816
15,201.884
15,201.984
15,202.08
15,202.18
15,202.272
15,202.344
15,202.432
15,202.536
15,202.644
15,202.748
15,202.848
15,202.948
15,203.048
15,203.172
15,203.272
15,203.384
15,203.5
15,203.608
15,203.708
15,203.808
15,203.9
15,204.012
15,204.112
15,204.2
15,204.304
15,204.416
15,204.508
15,204.62
15,204.728
15,204.832
15,204.912
15,205.004
15,205.088
15,205.172
15,205.272
15,205.368
15,205.452
15,205.516
15,205.608
15,205.704
15,205.788
15,205.888
15,205.988
15,206.092
15,206.192
15,206.276
15,206.344
15,206.42
15,206.512
15,206.62
15,206.716
15,206.812
15,206.904
15,207.016
15,207.124
15,207.212
15,207.316
15,207.404
15,207.504
15,207.604
15,207.688
15,207.772
15,207.852
15,207.936
15,208.032
15,208.128
15,208.208
15,208.312
15,208.412
15,208.536
15,208.656
15,208.74
15,208.836
15,208.928
15,209.052
15,209.14
15,209.22
15,209.308
15,209.392
15,209.476
15,209.592
15,209.692
15,209.796
15,209.904
15,210.008
15,210.124
15,210.22
15,210.308
15,210.408
15,210.504
15,210.596
15,210.692
15,210.78
15,210.864
15,210.94
15,211.016
15,211.108
15,211.2
15,211.304
15,211.396
15,211.512
15,211.608
15,211.72
15,211.816
15,211.924
15,212.008
23,212.08
23,212.168
23,212.264
23,212.372
23,212.484
23,212.584
23,212.704
23,212.816
23,212.912
23,213.004
23,213.12
23,213.224
23,213.332
23,213.42
23,213.516
23,213.596
23,213.708
23,213.796
23,213.912
23,214.024
23,214.124
23,214.224
23,214.336
23,214.444
23,214.556
23,214.668
23,214.76
23,214.876
23,214.988
24,215.104
24,215.2
24,215.32
24,215.44
24,215.556
24,215.676
24,215.776
24,215.796
24,215.868
24,215.976
24,216.092
24,216.18
24,216.292
24,216.412
24,216.528
24,216.644
24,216.744
24,216.856
24,216.96
24,217.076
24,217.188
24,217.296
24,217.396
24,217.496
24,217.612
24,217.704
24,217.788
24,217.9
24,217.98
24,218.06
24,218.156
24,218.264
24,218.38
24,218.496
24,218.592
24,218.692
24,218.796
24,218.92
24,219.024
24,219.12
24,219.232
24,219.352
24,219.456
24,219.556
24,219.688
24,219.8
24,219.916
24,220.032
24,220.136
24,220.224
24,220.344
24,220.428
24,220.536
24,220.624
24,220.632
24,220.676
24,220.764
24,220.848
24,220.948
24,221.056
24,221.164
24,221.256
24,221.348
24,221.456
24,221.556
24,221.656
24,221.748
24,221.852
24,221.96
24,222.052
24,222.148
24,222.252
24,222.352
24,222.44
24,222.54
24,222.632
24,222.748
24,222.856
24,222.944
24,223.044
24,223.148
24,223.168
24,223.24
24,223.372
24,223.464
24,223.568
24,223.676
24,223.676
24,223.78
24,223.884
24,223.984
24,224.084
24,224.196
24,224.324
24,224.44
24,224.58
24,224.672
24,224.684
24,224.792
24,224.892
24,224.988
24,225.1
24,225.212
24,225.304
24,225.408
24,225.504
24,225.624
24,225.712
24,225.808
24,225.9
24,225.992
24,226.092
24,226.196
24,226.304
24,226.416
24,226.528
24,226.636
24,226.684
24,226.72
24,226.78
24,226.876
24,226.964
24,227.06
24,227.176
24,227.276
24,227.396
24,227.516
24,227.624
24,227.728
24,227.84
24,227.96
24,228.008
24,228.116
24,228.248
24,228.364
24,228.5
24,228.6
24,228.7
24,228.808
24,228.948
24,229.064
24,229.176
24,229.288
24,229.392
24,229.496
24,229.592
24,229.672
24,229.756
24,229.86
24,229.98
24,230.096
24,230.196
24,230.284
24,230.384
24,230.484
24,230.552
24,230.64
24,230.736
24,230.852
24,230.964
24,231.076
24,231.184
24,231.28
24,231.368
24,231.456
24,231.536
24,231.648
24,231.744
24,231.844
24,231.972
24,232.076
24,232.16
24,232.264
24,232.34
24,232.428
24,232.544
24,232.636
24,232.736
24,232.784
24,232.828
24,232.948
24,233.048
24,233.16
24,233.252
24,233.348
24,233.436
24,233.528
24,233.62
24,233.708
24,233.812
24,233.908
24,233.996
24,234.076
24,234.18
24,234.292
24,234.32
24,234.388
24,234.476
24,234.588
24,234.676
24,234.764
24,234.86
24,234.952
24,235.056
24,235.172
24,235.276
24,235.384
24,235.512
24,235.608
24,235.716
24,235.816
24,235.92
24,236.048
24,236.156
24,236.268
24,236.38
24,236.496
24,236.596
24,236.708
24,236.804
24,236.9
24,236.988
24,237.08
24,237.164
24,237.284
24,237.384
24,237.488
24,237.572
24,237.64
24,237.74
24,237.856
24,237.868
24,237.932
24,237.992
24,238.092
24,238.172
24,238.256
24,238.36
24,238.46
24,238.572
24,238.672
24,238.776
24,238.868
24,238.96
24,239.052
24,239.14
24,239.24
24,239.34
24,239.428
24,239.544
24,239.64
24,239.748
24,239.86
24,239.964
24,240.072
24,240.168
24,240.264
24,240.34
24,240.436
24,240.528
24,240.62
24,240.728
24,240.824
24,240.904
24,241
24,241.1
24,241.188
24,241.28
24,241.36
24,241.452
24,241.572
24,241.664
24,241.772
24,241.876
24,241.988
24,242.1
24,242.204
24,242.288
24,242.376
24,242.456
24,242.556
24,242.668
24,242.776
24,242.888
24,242.988
24,243.092
24,243.2
24,243.216
24,243.3
24,243.384
24,243.48
24,243.556
24,243.656
24,243.744
24,243.828
24,243.916
24,244
24,244.092
24,244.208
24,244.304
24,244.4
24,244.5
24,244.608
24,244.712
24,244.792
24,244.884
24,244.984
24,245.096
24,245.192
24,245.284
24,245.384
24,245.488
24,245.568
24,245.656
24,245.676
24,245.748
24,245.848
24,245.956
24,246.056
24,246.148
24,246.252
24,246.332
24,246.42
24,246.508
24,246.6
24,246.704
24,246.8
24,246.904
24,247.016
24,247.12
24,247.22
24,247.296
24,247.388
24,247.48
24,247.584
24,247.696
24,247.796
24,247.896
24,248.012
24,248.128
24,248.232
24,248.348
24,248.468
24,248.576
24,248.688
24,248.792
24,248.904
24,249
24,249.096
24,249.204
24,249.3
24,249.388
24,249.48
24,249.576
24,249.68
24,249.772
24,249.88
24,249.964
24,250.064
24,250.176
24,250.268
24,250.368
24,250.444
24,250.54
24,250.632
24,250.736
24,250.836
24,250.964
24,251.068
24,251.16
24,251.252
24,251.36
24,251.476
24,251.568
24,251.676
24,251.8
24,251.896
24,252.004
24,252.108
24,252.212
24,252.324
24,252.408
24,252.476
24,252.568
24,252.672
24,252.772
24,252.888
24,253.004
24,253.092
24,253.2
24,253.316
24,253.416
24,253.528
24,253.62
24,253.692
24,253.788
24,253.884
24,253.976
24,254.084
24,254.172
24,254.276
24,254.38
24,254.496
24,254.588
24,254.672
24,254.748
24,254.828
24,254.912
24,255.012
24,255.096
24,255.124
24,255.22
24,255.32
24,255.42
24,255.52
24,255.608
24,255.704
24,255.8
24,255.904
24,256.016
24,256.108
24,256.196
24,256.292
24,256.396
24,256.488
24,256.556
24,256.636
24,256.736
24,256.836
24,256.924
24,257.012
24,257.108
24,257.196
24,257.288
24,257.38
24,257.484
24,257.584
24,257.7
24,257.804
24,257.9
24,258.012
24,258.116
24,258.22
24,258.328
24,258.416
24,258.508
24,258.6
24,258.676
24,258.764
24,258.876
24,258.972
24,259.068
24,259.16
24,259.252
24,259.344
24,259.444
24,259.548
24,259.644
24,259.764
24,259.892
24,259.992
24,260.096
24,260.212
24,260.308
24,260.416
24,260.532
24,260.632
24,260.724
24,260.812
24,260.904
24,261
24,261.096
24,261.184
24,261.284
24,261.384
24,261.464
24,261.56
24,261.66
24,261.764
24,261.872
24,261.952
24,262.032
24,262.128
24,262.232
24,262.344
24,262.448
24,262.54
24,262.648
24,262.752
24,262.852
24,262.948
24,263.052
24,263.136
24,263.22
24,263.324
24,263.424
24,263.536
24,263.636
24,263.736
24,263.82
24,263.9
24,263.988
24,264.096
24,264.216
24,264.236
24,264.3
24,264.384
24,264.472
24,264.564
24,264.664
24,264.756
24,264.876
24,264.98
24,265.084
24,265.16
24,265.244
24,265.332
24,265.424
24,265.532
24,265.632
24,265.728
24,265.828
24,265.932
24,266.028
24,266.148
24,266.272
24,266.376
24,266.48
24,266.564
24,266.68
24,266.772
24,266.864
24,266.96
24,267.048
24,267.132
24,267.208
24,267.308
24,267.4
24,267.492
24,267.624
24,267.724
24,267.828
24,267.904
24,267.996
24,268.088
24,268.2
24,268.296
24,268.388
24,268.504
24,268.628
24,268.716
24,268.796
24,268.896
24,268.992
24,269.092
24,269.204
24,269.292
24,269.352
24,269.464
24,269.572
24,269.668
24,269.784
24,269.884
24,269.984
24,270.076
24,270.152
24,270.252
24,270.356
24,270.456
24,270.564
24,270.672
24,270.764
24,270.872
24,270.952
24,271.036
24,271.144
24,271.228
24,271.308
24,271.4
24,271.492
24,271.596
24,271.708
24,271.8
24,271.884
24,271.968
24,272.056
24,272.18
24,272.292
24,272.396
24,272.504
24,272.612
24,272.712
24,272.82
24,272.924
24,273.032
24,273.152
24,273.264
24,273.38
24,273.492
24,273.6
24,273.696
24,273.784
24,273.884
24,273.896
24,273.968
24,273.98
24,274.1
24,274.2
24,274.2
24,274.3
24,274.392
24,274.488
24,274.592
24,274.708
24,274.8
24,274.9
24,275.012
24,275.112
24,275.204
24,275.312
24,275.408
24,275.492
24,275.584
24,275.688
24,275.772
24,275.88
24,275.98
24,276.084
24,276.18
24,276.288
24,276.388
24,276.492
24,276.596
24,276.7
24,276.808
24,276.908
24,276.992
24,277.068
24,277.152
24,277.26
24,277.372
24,277.484
24,277.596
24,277.692
24,277.792
24,277.888
24,277.98
24,278.072
24,278.16
24,278.268
24,278.368
24,278.476
24,278.572
24,278.672
24,278.768
24,278.872
24,278.948
24,279.048
24,279.124
24,279.216
24,279.324
24,279.344
24,279.448
24,279.544
24,279.66
24,279.764
24,279.888
24,279.988
24,280.092
24,280.196
24,280.316
24,280.424
24,280.52
24,280.616
24,280.704
24,280.788
24,280.88
24,280.98
24,281.08
24,281.192
24,281.3
24,281.412
24,281.516
24,281.604
24,281.7
24,281.804
24,281.9
24,282.004
24,282.092
24,282.172
24,282.26
24,282.364
24,282.48
24,282.488
24,282.584
24,282.692
24,282.796
24,282.892
24,282.988
24,283.088
24,283.204
24,283.312
24,283.42
24,283.532
24,283.66
24,283.764
24,283.892
24,283.992
24,284.12
24,284.216
24,284.348
24,284.468
24,284.584
24,284.688
24,284.824
24,284.852
24,284.956
24,285.052
24,285.164
24,285.276
24,285.368
24,285.476
24,285.58
24,285.688
24,285.776
24,285.892
24,286.012
24,286.132
24,286.252
24,286.364
24,286.472
24,286.58
24,286.68
24,286.796
24,286.892
24,286.992
24,287.084
24,287.192
24,287.3
24,287.416
24,287.536
24,287.628
24,287.76
24,287.86
24,287.964
24,288.076
24,288.188
24,288.284
24,288.376
24,288.48
24,288.556
24,288.64
24,288.74
24,288.832
24,288.956
24,289.08
24,289.192
24,289.3
24,289.408
24,289.524
24,289.624
24,289.732
24,289.84
24,289.924
24,290.016
24,290.096
24,290.188
24,290.276
24,290.384
24,290.488
24,290.572
24,290.668
24,290.764
24,290.852
24,290.956
24,291.056
24,291.14
24,291.248
24,291.34
24,291.452
24,291.588
24,291.688
24,291.796
24,291.924
24,292.032
24,292.148
24,292.248
24,292.356
24,292.452
24,292.56
24,292.652
24,292.752
24,292.836
24,292.916
24,293.028
24,293.152
24,293.24
24,293.356
24,293.456
24,293.548
24,293.624
24,293.712
24,293.808
24,293.916
24,294.028
24,294.132
24,294.24
24,294.344
24,294.468
24,294.58
24,294.688
24,294.784
24,294.904
24,295.008
24,295.104
24,295.204
24,295.312
24,295.408
24,295.504
24,295.58
24,295.68
24,295.76
24,295.864
24,295.96
24,296.048
24,296.16
24,296.256
24,296.38
24,296.48
24,296.576
24,296.68
24,296.768
24,296.852
24,296.948
24,297.064
24,297.18
24,297.264
24,297.368
24,297.464
24,297.576
24,297.688
24,297.8
24,297.908
24,298.016
24,298.12
24,298.232
24,298.324
24,298.408
24,298.496
24,298.592
24,298.688
24,298.796
24,298.896
24,298.992
24,299.092
24,299.192
24,299.296
24,299.408
24,299.488
24,299.56
24,299.652
24,299.748
24,299.832
24,299.908
24,299.996
24,300.096
24,300.212
24,300.316
24,300.416
24,300.52
24,300.62
24,300.716
24,300.828
24,300.928
24,301.048
24,301.176
24,301.288
24,301.392
24,301.496
24,301.604
24,301.692
24,301.8
24,301.92
24,302.032
24,302.148
24,302.232
24,302.348
24,302.456
24,302.564
24,302.68
24,302.772
24,302.864
24,302.98
24,303.084
24,303.204
24,303.308
24,303.404
24,303.504
24,303.6
24,303.684
24,303.784
24,303.864
24,303.96
24,304.056
24,304.164
24,304.272
24,304.372
24,304.46
24,304.544
24,304.632
24,304.724
24,304.832
24,304.936
24,305.048
24,305.16
24,305.26
24,305.356
24,305.456
24,305.56
24,305.652
24,305.748
24,305.836
24,305.928
24,306.02
24,306.124
24,306.212
24,306.332
24,306.44
24,306.536
24,306.632
24,306.752
24,306.824
24,306.9
24,307.008
24,307.124
24,307.216
24,307.316
24,307.436
24,307.54
24,307.644
24,307.732
24,307.828
24,307.9
24,307.988
24,308.072
24,308.156
24,308.264
24,308.364
24,308.456
24,308.572
24,308.668
24,308.764
24,308.86
24,308.94
24,309.028
24,309.112
24,309.196
24,309.3
24,309.38
24,309.484
24,309.584
24,309.68
24,309.796
24,309.892
24,309.996
24,310.116
24,310.236
24,310.348
24,310.452
24,310.576
24,310.672
24,310.784
24,310.892
24,310.988
24,311.084
24,311.196
24,311.292
24,311.384
24,311.472
24,311.568
24,311.664
24,311.752
24,311.852
24,311.948
24,312.048
24,312.132
24,312.236
24,312.316
24,312.424
24,312.524
24,312.62
24,312.708
24,312.828
24,312.936
24,313.056
24,313.072
24,313.152
24,313.256
24,313.356
24,313.464
24,313.564
24,313.66
24,313.76
24,313.864
24,313.972
24,314.068
24,314.18
24,314.272
24,314.348
24,314.412
24,314.504
24,314.592
24,314.684
24,314.78
24,314.888
24,314.98
24,315.068
24,315.152
24,315.24
24,315.336
24,315.448
24,315.536
24,315.648
24,315.764
24,315.868
24,315.972
24,316.072
24,316.148
24,316.264
24,316.356
24,316.452
24,316.54
24,316.636
24,316.744
24,316.852
24,316.952
24,317.044
24,317.128
24,317.224
24,317.32
24,317.412
24,317.5
24,317.604
24,317.716
24,317.828
24,317.944
24,317.956
24,318.056
24,318.152
24,318.248
24,318.36
24,318.476
24,318.572
24,318.684
24,318.784
24,318.864
24,318.976
24,319.092
24,319.196
24,319.316
24,319.42
24,319.528
24,319.624
24,319.724
24,319.864
24,319.956
24,320.052
24,320.164
24,320.276
24,320.384
24,320.52
24,320.624
24,320.72
24,320.824
24,320.904
24,320.988
24,321.084
24,321.18
24,321.268
24,321.356
24,321.452
24,321.544
24,321.648
24,321.72
24,321.812
24,321.924
24,322.016
24,322.104
24,322.2
24,322.292
24,322.372
24,322.46
24,322.572
24,322.684
24,322.776
24,322.88
24,322.98
24,323.08
24,323.156
24,323.252
24,323.34
24,323.444
24,323.544
24,323.64
24,323.76
24,323.84
24,323.948
24,324.064
24,324.188
24,324.308
24,324.324
24,324.396
24,324.496
24,324.6
24,324.692
24,324.788
24,324.88
24,324.98
24,325.08
24,325.18
24,325.3
24,325.396
24,325.504
24,325.608
24,325.692
24,325.772
24,325.868
24,325.98
24,326.08
24,326.2
24,326.292
24,326.384
24,326.4
24,326.488
24,326.596
24,326.708
24,326.808
24,326.9
24,326.92
24,327.016
24,327.112
24,327.204
24,327.332
24,327.432
24,327.536
24,327.632
24,327.728
24,327.828
24,327.916
24,328.012
24,328.116
24,328.224
24,328.296
24,328.388
24,328.492
24,328.592
24,328.704
24,328.724
24,328.8
24,328.904
24,329.008
24,329.128
24,329.24
24,329.356
24,329.46
24,329.564
24,329.664
24,329.776
24,329.864
24,329.952
24,330.052
24,330.172
24,330.288
24,330.396
24,330.496
24,330.6
24,330.696
24,330.796
24,330.888
24,330.984
24,331.096
24,331.192
24,331.28
24,331.3
24,331.364
24,331.468
24,331.572
24,331.684
24,331.788
24,331.904
24,332.012
24,332.136
24,332.26
24,332.364
24,332.464
24,332.576
24,332.672
24,332.796
24,332.832
24,332.916
24,333
24,333.104
24,333.2
24,333.312
24,333.432
24,333.548
24,333.64
24,333.752
24,333.832
24,333.924
24,333.984
24,334.088
24,334.196
24,334.316
24,334.396
24,334.48
24,334.564
24,334.652
24,334.764
24,334.856
24,334.932
24,335.028
24,335.132
24,335.236
24,335.336
24,335.432
24,335.536
24,335.624
24,335.728
24,335.82
24,335.896
24,335.992
24,336.08
24,336.18
24,336.304
24,336.408
24,336.524
24,336.644
24,336.748
24,336.868
24,336.98
24,337.088
24,337.22
24,337.316
24,337.436
24,337.54
24,337.644
24,337.74
24,337.876
24,337.984
24,338.088
24,338.208
24,338.316
24,338.424
24,338.524
24,338.628
24,338.724
24,338.836
24,338.94
24,339.048
24,339.144
24,339.268
24,339.36
24,339.46
24,339.56
24,339.668
24,339.748
24,339.82
24,339.912
24,340.012
24,340.128
24,340.248
24,340.356
24,340.452
24,340.568
24,340.688
24,340.784
24,340.884
24,340.984
24,341.08
24,341.164
24,341.248
24,341.352
24,341.46
24,341.568
24,341.656
24,341.764
24,341.88
24,341.988
24,342.092
24,342.196
24,342.276
24,342.396
24,342.492
24,342.52
24,342.62
24,342.76
24,342.852
24,342.964
24,343.088
24,343.184
24,343.288
24,343.396
24,343.492
24,343.608
24,343.712
24,343.844
24,343.948
24,344.04
24,344.152
24,344.248
24,344.344
24,344.436
24,344.52
24,344.624
24,344.716
24,344.812
24,344.916
24,345.048
24,345.136
24,345.248
24,345.356
24,345.448
24,345.536
24,345.552
24,345.648
24,345.752
24,345.864
24,345.964
24,346.06
24,346.18
24,346.28
24,346.392
24,346.488
24,346.572
24,346.652
24,346.752
24,346.852
24,346.96
24,347.088
24,347.192
24,347.292
24,347.388
24,347.488
24,347.588
24,347.7
24,347.804
24,347.9
24,348.016
24,348.144
24,348.256
24,348.356
24,348.472
24,348.568
24,348.692
24,348.8
24,348.9
24,349.004
24,349.1
24,349.236
24,349.34
24,349.444
24,349.54
24,349.644
24,349.728
24,349.812
24,349.904
24,349.996
24,350.092
24,350.192
24,350.236
24,350.28
24,350.376
24,350.46
24,350.54
24,350.64
24,350.752
24,350.844
24,350.912
24,351.012
24,351.104
24,351.212
24,351.304
24,351.412
24,351.52
24,351.6
24,351.712
24,351.812
24,351.912
24,352.02
24,352.1
24,352.188
24,352.284
24,352.4
24,352.5
24,352.6
24,352.692
24,352.808
24,352.904
24,353.012
24,353.108
24,353.204
24,353.312
24,353.404
24,353.48
24,353.564
24,353.664
24,353.764
24,353.864
24,353.964
24,354.072
24,354.172
24,354.26
24,354.364
24,354.476
24,354.58
24,354.692
24,354.792
24,354.9
24,355
24,355.108
24,355.208
24,355.296
24,355.4
24,355.484
24,355.56
24,355.656
24,355.74
24,355.844
24,355.948
24,356.032
24,356.092
24,356.184
24,356.272
24,356.356
24,356.436
24,356.528
24,356.632
24,356.66
24,356.756
24,356.868
24,356.972
24,357.068
24,357.164
24,357.264
24,357.352
24,357.448
24,357.56
24,357.648
24,357.74
24,357.824
24,357.916
24,358
24,358.06
24,358.148
24,358.244
24,358.324
24,358.404
24,358.424
24,358.496
24,358.6
24,358.696
24,358.776
24,358.884
24,358.964
24,359.06
24,359.132
24,359.228
24,359.328
24,359.432
24,359.536
24,359.652
24,359.772
24,359.864
24,359.968
24,360.064
24,360.152
24,360.204
24,360.216
24,360.32
24,360.408
24,360.528
24,360.62
24,360.712
24,360.808
24,360.916
24,361.012
24,361.124
24,361.228
24,361.34
24,361.444
24,361.528
24,361.604
24,361.692
24,361.788
24,361.888
24,362
24,362.1
24,362.172
24,362.26
24,362.344
24,362.44
24,362.536
24,362.632
24,362.732
24,362.824
24,362.912
24,363
24,363.084
24,363.184
24,363.292
24,363.388
24,363.5
24,363.608
24,363.704
24,363.808
24,363.908
24,363.988
24,364.072
24,364.148
24,364.264
24,364.364
24,364.484
24,364.576
24,364.668
24,364.764
24,364.864
24,364.972
24,365.1
24,365.184
24,365.276
24,365.372
24,365.452
24,365.54
24,365.628
24,365.732
24,365.84
24,365.94
24,366.024
24,366.14
24,366.236
24,366.348
24,366.432
24,366.532
24,366.628
24,366.716
24,366.808
24,366.904
24,366.992
24,367.096
24,367.2
24,367.292
24,367.392
24,367.496
24,367.596
24,367.696
24,367.796
24,367.88
24,367.972
24,368.06
24,368.14
24,368.244
24,368.348
24,368.448
24,368.564
24,368.652
24,368.772
24,368.884
24,368.98
24,369.052
24,369.136
24,369.244
24,369.336
24,369.444
24,369.54
24,369.628
24,369.716
24,369.784
24,369.892
24,369.996
24,370.112
24,370.192
24,370.3
24,370.384
24,370.488
24,370.58
24,370.656
24,370.752
24,370.864
24,370.98
24,371.08
24,371.18
24,371.276
24,371.368
24,371.476
24,371.584
24,371.692
24,371.804
24,371.9
24,372.004
24,372.084
24,372.168
24,372.256
24,372.356
24,372.46
24,372.564
24,372.676
24,372.788
24,372.9
24,373.016
24,373.104
24,373.188
24,373.276
24,373.356
24,373.456
24,373.56
24,373.668
24,373.768
24,373.872
24,373.912
24,374.012
24,374.108
24,374.2
24,374.304
24,374.392
24,374.488
24,374.588
24,374.656
24,374.736
24,374.864
24,374.972
24,375.076
24,375.172
24,375.252
24,375.332
24,375.432
24,375.528
24,375.632
24,375.712
24,375.8
24,375.884
24,375.996
24,376.112
24,376.12
24,376.192
24,376.264
24,376.336
24,376.44
24,376.536
24,376.632
24,376.672
24,376.732
24,376.808
24,376.82
24,376.9
24,377
24,377.1
24,377.204
24,377.308
24,377.4
24,377.476
24,377.56
24,377.656
24,377.76
24,377.88
24,377.984
24,378.08
24,378.172
24,378.244
24,378.348
24,378.44
24,378.536
24,378.664
24,378.756
24,378.848
24,378.952
24,379.052
24,379.144
24,379.224
24,379.328
24,379.424
24,379.532
24,379.636
24,379.748
24,379.844
24,379.932
24,380.004
24,380.096
24,380.18
24,380.284
24,380.38
24,380.472
24,380.552
24,380.64
24,380.74
24,380.844
24,380.956
24,381.056
24,381.156
24,381.256
24,381.36
24,381.46
24,381.544
24,381.628
24,381.728
24,381.788
24,381.788
24,381.868
24,381.976
24,382.104
24,382.212
24,382.316
24,382.392
24,382.468
24,382.576
24,382.676
24,382.78
24,382.868
24,382.944
24,383.028
24,383.152
24,383.256
24,383.336
24,383.444
24,383.528
24,383.608
24,383.704
24,383.808
24,383.904
24,383.984
24,384.072
24,384.176
24,384.28
24,384.376
24,384.472
24,384.492
24,384.568
24,384.676
24,384.776
24,384.876
24,384.98
24,385.076
24,385.184
24,385.276
24,385.388
24,385.468
24,385.56
24,385.644
24,385.736
24,385.856
24,385.94
24,386.024
24,386.112
24,386.192
24,386.3
24,386.412
24,386.504
24,386.616
24,386.728
24,386.82
24,386.92
24,387.032
24,387.136
24,387.236
24,387.332
24,387.44
24,387.544
24,387.644
24,387.768
24,387.88
24,387.968
24,388.076
24,388.18
24,388.276
24,388.352
24,388.44
24,388.54
24,388.64
24,388.74
24,388.824
24,388.924
24,389.016
24,389.112
24,389.208
24,389.308
24,389.412
24,389.492
24,389.568
24,389.668
24,389.784
24,389.852
24,389.936
24,390.044
24,390.152
24,390.26
24,390.368
24,390.444
24,390.528
24,390.612
24,390.724
24,390.836
24,390.932
24,391.028
24,391.124
24,391.204
24,391.304
24,391.388
24,391.496
24,391.604
24,391.704
24,391.784
24,391.872
24,391.968
24,392.076
24,392.164
24,392.296
24,392.4
24,392.496
24,392.588
24,392.644
24,392.748
24,392.856
24,392.936
24,393.012
24,393.032
24,393.124
24,393.208
24,393.288
24,393.372
24,393.476
24,393.584
24,393.692
24,393.792
24,393.896
24,394
24,394.088
24,394.172
24,394.272
24,394.376
24,394.468
24,394.584
24,394.692
24,394.796
24,394.9
24,394.992
24,395.072
24,395.156
24,395.256
24,395.352
24,395.472
24,395.564
24,395.668
24,395.764
24,395.876
24,395.972
24,396.08
24,396.172
24,396.244
24,396.34
24,396.436
24,396.524
24,396.596
24,396.688
24,396.792
24,396.884
24,396.988
24,397.08
24,397.148
24,397.22
24,397.344
24,397.436
24,397.524
24,397.608
24,397.7
24,397.808
24,397.904
24,398.008
24,398.112
24,398.216
24,398.328
24,398.416
24,398.504
24,398.596
24,398.7
24,398.808
24,398.912
24,399.024
24,399.128
24,399.224
24,399.316
24,399.4
24,399.46
24,399.46
24,399.544
24,399.612
24,399.612
24,399.692
24,399.816
24,399.912
24,400.004
24,400.084
24,400.164
24,400.26
24,400.352
24,400.44
24,400.544
24,400.644
24,400.74
24,400.844
24,400.968
24,401.084
24,401.176
24,401.268
24,401.356
24,401.444
24,401.528
24,401.624
24,401.736
24,401.832
24,401.928
24,402.028
24,402.12
24,402.212
24,402.304
24,402.392
24,402.488
24,402.568
24,402.656
24,402.768
24,402.864
24,402.972
24,403.072
24,403.188
24,403.28
24,403.352
24,403.452
24,403.548
24,403.648
24,403.756
24,403.836
24,403.928
24,404
24,404.1
24,404.192
24,404.28
24,404.38
24,404.472
24,404.568
24,404.676
24,404.764
24,404.852
24,404.868
24,404.948
24,405.048
24,405.148
24,405.252
24,405.364
24,405.456
24,405.544
24,405.644
24,405.736
24,405.836
24,405.952
24,406.056
24,406.16
24,406.252
24,406.356
24,406.44
24,406.532
24,406.62
24,406.7
24,406.784
24,406.872
24,406.968
24,407.068
24,407.148
24,407.148
24,407.204
24,407.308
24,407.408
24,407.496
24,407.584
24,407.672
24,407.768
24,407.84
24,407.94
24,408.044
24,408.152
24,408.244
24,408.34
24,408.44
24,408.536
24,408.64
24,408.74
24,408.852
24,408.964
24,409.068
24,409.168
24,409.24
24,409.264
24,409.312
24,409.4
24,409.488
24,409.576
24,409.688
24,409.788
24,409.9
24,409.988
24,410.1
24,410.196
24,410.296
24,410.4
24,410.5
24,410.588
24,410.676
24,410.756
24,410.84
24,410.932
24,411.048
24,411.152
24,411.256
24,411.36
24,411.46
24,411.548
24,411.648
24,411.756
24,411.856
24,411.96
24,412.06
24,412.172
24,412.3
24,412.404
24,412.504
24,412.568
24,412.66
24,412.752
24,412.836
24,412.936
24,413.044
24,413.148
24,413.252
24,413.352
24,413.452
24,413.54
24,413.62
24,413.712
24,413.8
24,413.896
24,414
24,414.104
24,414.228
24,414.348
24,414.452
24,414.564
24,414.664
24,414.74
24,414.836
24,414.848
24,414.932
24,415.044
24,415.144
24,415.24
24,415.348
24,415.448
24,415.552
24,415.656
24,415.776
24,415.892
24,415.996
24,416.084
24,416.188
24,416.276
24,416.364
24,416.46
24,416.54
24,416.632
24,416.72
24,416.828
24,416.932
24,417.036
24,417.14
24,417.228
24,417.316
24,417.404
24,417.488
24,417.584
24,417.696
24,417.8
24,417.904
24,418.004
24,418.104
24,418.204
24,418.316
24,418.424
24,418.52
24,418.632
24,418.74
24,418.864
24,418.952
24,419.052
24,419.164
24,419.264
24,419.376
24,419.492
24,419.604
24,419.724
24,419.836
24,419.928
24,420.032
24,420.044
24,420.128
24,420.228
24,420.36
24,420.464
24,420.572
24,420.688
24,420.804
24,420.908
24,421.012
24,421.128
24,421.256
24,421.364
24,421.468
24,421.576
24,421.66
24,421.76
24,421.816
24,421.916
24,422.032
24,422.136
24,422.26
24,422.376
24,422.492
24,422.608
24,422.688
24,422.796
24,422.9
24,423
24,423.096
24,423.208
24,423.3
24,423.404
24,423.508
24,423.612
24,423.716
24,423.816
24,423.9
24,423.992
24,424.08
24,424.18
24,424.3
24,424.392
24,424.488
24,424.604
24,424.716
24,424.724
24,424.816
24,424.944
24,425.04
24,425.14
24,425.236
24,425.344
24,425.452
24,425.564
24,425.672
24,425.792
24,425.896
24,425.992
24,426.108
24,426.216
24,426.3
24,426.388
24,426.468
24,426.552
24,426.66
24,426.752
24,426.848
24,426.944
24,427.06
24,427.156
24,427.244
24,427.324
24,427.428
24,427.524
24,427.64
24,427.752
24,427.86
24,427.972
24,428.084
24,428.188
24,428.292
24,428.392
24,428.488
24,428.556
24,428.648
24,428.752
24,428.864
24,428.972
24,429.068
24,429.176
24,429.28
24,429.388
24,429.5
24,429.596
24,429.72
24,429.808
24,429.904
24,429.992
24,430.084
24,430.18
24,430.276
24,430.384
24,430.492
24,430.592
24,430.704
24,430.828
24,430.928
24,431.032
24,431.124
24,431.216
24,431.32
24,431.424
24,431.552
24,431.664
24,431.756
24,431.852
24,431.976
24,432.092
24,432.2
24,432.288
24,432.404
24,432.512
24,432.612
24,432.72
24,432.82
24,432.92
24,433.024
24,433.132
24,433.24
24,433.352
24,433.452
24,433.564
24,433.692
24,433.812
24,433.928
24,433.948
24,434.02
24,434.144
24,434.248
24,434.368
24,434.46
24,434.54
24,434.656
24,434.756
24,434.852
24,434.964
24,435.08
24,435.176
24,435.284
24,435.376
24,435.432
24,435.524
24,435.636
24,435.756
24,435.848
24,435.956
24,436.072
24,436.168
24,436.272
24,436.38
24,436.492
24,436.608
24,436.712
24,436.808
24,436.912
24,437.016
24,437.132
24,437.196
24,437.304
24,437.412
24,437.5
24,437.62
24,437.72
24,437.848
24,437.944
24,438.056
24,438.152
24,438.248
24,438.368
24,438.476
24,438.596
24,438.692
24,438.78
24,438.872
24,438.948
24,439.036
24,439.152
24,439.284
24,439.4
24,439.512
24,439.596
24,439.7
24,439.804
24,439.92
24,440.008
24,440.112
24,440.188
24,440.284
24,440.384
24,440.5
24,440.6
24,440.632
24,440.704
24,440.816
24,440.936
24,441.06
24,441.168
24,441.264
24,441.38
24,441.496
24,441.608
24,441.72
24,441.812
24,441.912
24,442.02
24,442.124
24,442.216
24,442.288
24,442.388
24,442.484
24,442.6
24,442.7
24,442.812
24,442.94
24,443.036
24,443.12
24,443.216
24,443.328
24,443.432
24,443.532
24,443.62
24,443.72
24,443.812
24,443.912
24,444.028
24,444.144
24,444.244
24,444.356
24,444.48
24,444.584
24,444.676
24,444.772
24,444.868
24,444.968
24,445.076
24,445.18
24,445.284
24,445.388
24,445.484
24,445.588
24,445.608
24,445.676
24,445.78
24,445.876
24,445.972
24,446.08
24,446.192
24,446.208
24,446.276
24,446.36
24,446.452
24,446.516
24,446.628
24,446.736
24,446.828
24,446.936
24,447.04
24,447.064
24,447.128
24,447.232
24,447.352
24,447.456
24,447.564
24,447.672
24,447.772
24,447.9
24,448
24,448.108
24,448.232
24,448.352
24,448.46
24,448.56
24,448.66
24,448.76
24,448.828
24,448.828
24,448.912
24,449.004
24,449.1
24,449.208
24,449.312
24,449.416
24,449.52
24,449.632
24,449.724
24,449.824
24,449.9
24,449.976
24,450.072
24,450.168
24,450.268
24,450.368
24,450.484
24,450.584
24,450.68
24,450.776
24,450.876
24,450.972
24,451.052
24,451.148
24,451.256
24,451.364
24,451.404
24,451.496
24,451.592
24,451.692
24,451.78
24,451.864
24,451.972
24,452.08
24,452.192
24,452.308
24,452.412
24,452.52
24,452.624
24,452.72
24,452.82
24,452.928
24,453.016
24,453.108
24,453.212
24,453.3
24,453.384
24,453.492
24,453.52
24,453.58
24,453.628
24,453.72
24,453.828
24,453.94
24,454.04
24,454.148
24,454.236
24,454.312
24,454.396
24,454.496
24,454.604
24,454.704
24,454.804
24,454.892
24,454.996
24,455.088
24,455.184
24,455.272
24,455.36
24,455.436
24,455.516
24,455.612
24,455.74
24,455.844
24,455.944
24,456.04
24,456.136
24,456.244
24,456.344
24,456.444
24,456.548
24,456.652
24,456.744
24,456.756
24,456.848
24,456.936
24,457.04
24,457.124
24,457.236
24,457.332
24,457.436
24,457.536
24,457.624
24,457.704
24,457.792
24,457.88
24,457.996
24,458.112
24,458.216
24,458.316
24,458.416
24,458.52
24,458.628
24,458.708
24,458.792
24,458.876
24,458.96
24,459.072
24,459.18
24,459.28
24,459.38
24,459.5
24,459.608
24,459.704
24,459.8
24,459.9
24,459.996
24,460.076
24,460.152
24,460.212
24,460.296
24,460.372
24,460.468
24,460.564
24,460.664
24,460.78
24,460.876
24,460.976
24,461.1
24,461.2
24,461.32
24,461.444
24,461.54
24,461.552
24,461.636
24,461.736
24,461.84
24,461.944
24,462.052
24,462.18
24,462.272
24,462.368
24,462.456
24,462.536
24,462.62
24,462.724
24,462.82
24,462.916
24,463.04
24,463.136
24,463.244
24,463.336
24,463.428
24,463.54
24,463.636
24,463.72
24,463.804
24,463.892
24,463.984
24,464.072
24,464.184
24,464.308
24,464.404
24,464.512
24,464.624
24,464.728
24,464.796
24,464.896
24,465
24,465.088
24,465.192
24,465.288
24,465.384
24,465.48
24,465.588
24,465.692
24,465.804
24,465.824
24,465.904
24,466.024
24,466.128
24,466.216
24,466.308
24,466.396
24,466.46
24,466.544
24,466.652
24,466.76
24,466.844
24,466.94
24,467.032
24,467.14
24,467.236
24,467.34
24,467.428
24,467.548
24,467.644
24,467.736
24,467.812
24,467.904
24,467.996
24,468.048
24,468.12
24,468.204
24,468.296
24,468.416
24,468.516
24,468.616
24,468.708
24,468.808
24,468.916
24,468.924
24,469.02
24,469.12
24,469.228
24,469.328
24,469.42
24,469.504
24,469.584
24,469.692
24,469.8
24,469.892
24,469.98
24,470.076
24,470.208
24,470.312
24,470.416
24,470.508
24,470.596
24,470.68
24,470.792
24,470.884
24,470.996
24,471.096
24,471.208
24,471.296
24,471.384
24,471.472
24,471.576
24,471.692
24,471.784
24,471.86
24,471.924
24,472.012
24,472.12
24,472.228
24,472.336
24,472.436
24,472.532
24,472.62
24,472.736
24,472.848
24,472.944
24,473.032
24,473.128
24,473.22
24,473.348
24,473.46
24,473.54
24,473.628
24,473.724
24,473.82
24,473.928
24,474.028
24,474.124
24,474.216
24,474.308
24,474.404
24,474.508
24,474.604
24,474.708
24,474.8
24,474.912
24,475.024
24,475.124
24,475.208
24,475.304
24,475.396
24,475.488
24,475.556
24,475.636
24,475.74
24,475.836
24,475.928
24,476.024
24,476.132
24,476.228
24,476.316
24,476.376
24,476.468
24,476.584
24,476.68
24,476.772
24,476.876
24,476.984
24,477.072
24,477.18
24,477.292
24,477.404
24,477.488
24,477.568
24,477.66
24,477.756
24,477.844
24,477.944
24,478.048
24,478.156
24,478.256
24,478.356
24,478.452
24,478.572
24,478.66
24,478.748
24,478.824
24,478.916
24,479.012
24,479.116
24,479.212
24,479.3
24,479.392
24,479.496
24,479.596
24,479.7
24,479.8
24,479.92
24,480.032
24,480.136
24,480.224
24,480.324
24,480.424
24,480.536
24,480.648
24,480.748
24,480.82
24,480.912
24,481.024
24,481.136
24,481.248
24,481.368
24,481.472
24,481.56
24,481.676
24,481.772
24,481.892
24,481.984
24,482.08
24,482.18
24,482.264
24,482.348
24,482.436
24,482.436
24,482.492
24,482.596
24,482.704
24,482.816
24,482.928
24,483.02
24,483.124
24,483.24
24,483.344
24,483.464
24,483.564
24,483.676
24,483.772
24,483.876
24,483.98
24,484.08
24,484.184
24,484.292
24,484.384
24,484.484
24,484.572
24,484.664
24,484.752
24,484.84
24,484.928
24,485.004
24,485.108
24,485.204
24,485.304
24,485.412
24,485.512
24,485.608
24,485.692
24,485.776
24,485.868
24,485.952
24,486.048
24,486.148
24,486.256
24,486.348
24,486.444
24,486.556
24,486.66
24,486.76
24,486.856
24,486.964
24,487.06
24,487.144
24,487.232
24,487.304
24,487.408
24,487.508
24,487.608
24,487.716
24,487.836
24,487.94
24,488.044
24,488.14
24,488.232
24,488.328
24,488.424
24,488.504
24,488.592
24,488.684
24,488.796
24,488.908
24,488.932
24,489.004
24,489.092
24,489.188
24,489.28
24,489.368
24,489.444
24,489.532
24,489.612
24,489.716
24,489.82
24,489.904
24,490.02
24,490.132
24,490.224
24,490.316
24,490.4
24,490.48
24,490.568
24,490.672
24,490.776
24,490.892
24,490.996
24,491.096
24,491.124
